Job_ID,Job_Title,Company,Location,Job_Type,Category,Salary,Posted_Date,Skills,Application_URL,Description,Age_Days,Job_Status
5889675395,Data Analyst Intern (Marketing) , Kreative & Co. ," Navi Mumbai, Maharashtra",Internship,"PR, Advertising & Marketing Jobs ", Not specified,2026-09-18,Not specified, https://www.adzuna.in/land/ad/5889675395?se=VDFaZ6e08RGk6dCvHcHp9g&utm_medium=api&utm_source=d4b34863&v=4AC3A53ED160027C6E3BAECE14141702950C8107," Role Description The Data Analyst Intern (Marketing) role is a full-time on-site position based in Navi Mumbai. The intern will support the marketing team by collecting, cleaning, and analyzing campaign and user data from various digital channels. Day-to-day tasks include preparing dashboards and reports, identifying trends and patterns in performance metrics, and assisting in building data-driven recommendations to optimize campaigns and improve ROI. The role also involves collaborating with m…",,
5503837644,Data Analyst Intern , Optimspace ," Pune, Maharashtra",Internship,IT Jobs , Not specified,2025-11-20,Not specified, https://www.adzuna.in/details/5503837644?utm_medium=api&utm_source=d4b34863," Job Title: Data Analyst Intern Company: Optimspace.in Location: Remote Duration: 3 months Opportunity: Full-time based on performance, with a Certificate of Internship Optimspace.in Optimspace.in offers practical experience for students and graduates in data analysis to enhance career prospects and provide hands-on learning opportunities in a real-world environment. Responsibilities Collect, clean, and analyze datasets. Develop reports and data visualizations. Identify trends and patterns in da…",,
5790433770,Data Analyst Intern , Innovexis ," Bangalore, Karnataka",Internship,IT Jobs , Not specified,2026-07-07,Not specified, https://www.adzuna.in/details/5790433770?utm_medium=api&utm_source=d4b34863," Description Innovexis is looking for a motivated Data Analyst Intern to join our team in Bengaluru. This internship offers a unique opportunity to gain hands-on experience in the Education Management industry while working remotely. As a Data Analyst Intern, you will contribute to key projects that support data-driven decision-making processes within our organization. In this role, you will work closely with experienced analysts to analyze and interpret data sets, assisting in the development o…",,
5834753332,Data Analyst Intern , Portcast , India,Internship,Engineering Jobs , Not specified,2026-08-09,Not specified, https://www.adzuna.in/details/5834753332?utm_medium=api&utm_source=d4b34863," Portcast is a venture-backed, Singapore-based logistics technology startup building a real-time transportation visibility platform for global supply chains. We help shippers, manufacturers, and logistics service providers turn data into decisions and decisions into measurable business impact. Our platform goes beyond visibility. Portcast enables action at scale by surfacing the right risks early, helping teams prevent detention and demurrage, accelerate exception management, and close invoices …",,
5859124162,Data Analyst - Intern , Claight Corporation Expert Market Research ," Noida, Ghaziabad",Internship,IT Jobs , Not specified,2026-08-28,Not specified, https://www.adzuna.in/details/5859124162?utm_medium=api&utm_source=d4b34863," Perform basic data analysis, clean datasets assist with reporting, support the analytics team with data-driven insights. Data Collection and Cleaning: Gather data from various sources including surveys, databases, and other market research tools Data Analysis and Interpretation: Analyse quantitative and qualitative data to identify trends, patterns, and insights Assist in developing dashboards, visualisations, and reports to present findings effectively Market Insights Support: Collaborate with…",,
5805535278,Data Analyst Internship in Pune , MAXGEN TECHNOLOGIES PRIVATE LIMITED , India,Internship,IT Jobs , Not specified,2026-07-18,Not specified, https://www.adzuna.in/details/5805535278?utm_medium=api&utm_source=d4b34863, Maxgen Technologies Pvt ltd offers live project internships in Pune Freshers and Students will getdata Analyst Internshipwith machine learning program Fresher career program hybrid internship placement without bond practical project internships flexible working hours call us hidden mobile visit us www maxgentechnologies com,,
5850339738,Data Analyst Internship in Ahmedabad , MAXGEN TECHNOLOGIES PRIVATE LIMITED , India,Internship,IT Jobs , Not specified,2026-08-21,Not specified, https://www.adzuna.in/details/5850339738?utm_medium=api&utm_source=d4b34863, Maxgen Technologies Pvt ltd offers live project internships inahmedabad Freshers and Students will getdata analyst internshipwith machine learning program Fresher career program hybrid internship placement without bond practical project internships flexible working hours call us hidden mobile visit us www maxgentechnologies com Address Abhijeet 3 603 Netaji Rd near Pantaloons Mithakhali Ellisbridge Ahmedabad,,
5831364894,Data Analyst Internship in Pune , MAXGEN TECHNOLOGIES PRIVATE LIMITED , India,Internship,Engineering Jobs , Not specified,2026-08-07,Not specified, https://www.adzuna.in/details/5831364894?utm_medium=api&utm_source=d4b34863, Maxgen Technologies Pvt ltd offers live project internships inPune Candidate will get Machine leanring internship and Ai program with job placement why interns choosing us hybrid internship longterm and shortterm program placement without bond practical project during internship skilled staff and management call us hidden mobile visit us www maxgentechnologies com,,
5854850712,Data Analyst Internship in Ahmedabad , MAXGEN TECHNOLOGIES PRIVATE LIMITED , India,Internship,Engineering Jobs , Not specified,2026-08-25,Not specified, https://www.adzuna.in/details/5854850712?utm_medium=api&utm_source=d4b34863, Maxgen Technologies Pvt ltd offers live project internships in ahmedabad Candidate will get data anlayst internship and Ai program with job placement why choosing us hybrid internship longterm and shortterm program placement without bond practical project during internship skilled staff and management call us hidden mobile visit us www maxgentechnologies com address Abhijeet 3 603 Netaji Rd near Pantaloons Mithakhali Ellisbridge Ahmedabad,,
5875067962,Data Analyst Internship in Ahmedabad , MAXGEN TECHNOLOGIES PRIVATE LIMITED , India,Internship,Engineering Jobs , Not specified,2026-09-08,Not specified, https://www.adzuna.in/details/5875067962?utm_medium=api&utm_source=d4b34863, Maxgen Technologies Pvt ltd located in pune We are offering indata analyst internshipand data analytics program to It and Engineering fresher candidates why we are important interns friendly environment professional and experience staff good work culture job placement in top mnc visit us at www maxgentechnologies com call us hidden mobile address Abhijeet 3 603 Netaji Rd near Pantaloons Mithakhali Ellisbridge Ahmedabad,,
5527692918,Data Analyst – Intern/Fresher/Experienced , Gururo ," Vadodara, Gujarat",Internship,IT Jobs , Not specified,2025-12-04,Not specified, https://www.adzuna.in/details/5527692918?utm_medium=api&utm_source=d4b34863," Location : Vadodara Type : Full-time / Internship Duration (for interns) : Minimum 3 months Stipend/CTC : Based on experience and role About Gururo Gururo is a global leader in practical, career-transforming education. With a mission to equip professionals and students with real-world skills, we specialize in project management, leadership, business analytics, and emerging technologies. Join our dynamic, impact-driven team to work on data-centric products that empower decision-making and transf…",,
5879541006,Data Analyst Intern (Finance) - January to May 2027 , Coinhako , India,Internship,IT Jobs , Not specified,2026-09-11,Not specified, https://www.adzuna.in/details/5879541006?utm_medium=api&utm_source=d4b34863," About Coinhako: Coinhako is actively recruiting for the position of Data Analyst Intern (Finance) - January to May 2027 (Engineering). Location & Setup: Singapore Overview: Contribute directly to Coinhako's Web3, smart contract, and blockchain infrastructure. Complete candidate qualifications and application instructions are available on Hashtag Web3. View full posting details and apply online on Hashtag Web3",,
1227100059,Data Analyst / Data Scientist | Internship | Tech-Savvy| , Anaxee Technologies ," Indore, Madhya Pradesh",Internship,IT Jobs ,100000,2019-08-05,Not specified, https://www.adzuna.in/details/1227100059?utm_medium=api&utm_source=d4b34863," Job role: As a data analyst, you will be responsible for compiling actionable insights from data and assisting program, sales and marketing managers build data-driven processes. Your role will involve driving initiatives to optimize for operational excellence and revenue. Job Location : Indore | Full-Time Internship | Stipend - Performance Based | About the company : Anaxee Digital Runners is building India's largest last-mile verification & data collection network of Digital Runners (shared fe…",,
5856164948,Data Science Ml Internship , MAXGEN TECHNOLOGIES PRIVATE LIMITED , India,Internship,IT Jobs , Not specified,2026-08-26,Not specified, https://www.adzuna.in/details/5856164948?utm_medium=api&utm_source=d4b34863, Maxgen Technologies Pvt ltd located in pune We are offering in data analyst internship and data Science program to It and Engineering fresher candidates why we are important interns friendly environment professional and experience staff good work culture job placement in top mnc visit us at www maxgentechnologies com call us hidden mobile address 601 Konark icon magarpatta pune,,
5856165536,Machine learning Internship in Ahmedabad , MAXGEN TECHNOLOGIES PRIVATE LIMITED , India,Internship,IT Jobs , Not specified,2026-08-26,Not specified, https://www.adzuna.in/details/5856165536?utm_medium=api&utm_source=d4b34863, Maxgen Technologies Pvt ltd located in Ahmedabad We are offering in data analyst internship and data Science program to It and Engineering fresher candidates why we are important interns friendly environment professional and experience staff good work culture job placement in top mnc visit us at www maxgentechnologies com call us hidden mobile Address 603 Abhijeet 3 near law garden Ahmedabad,,
5863654715,Intern - Data Analyst , CanKids KidsCan ," Gulmohar Park, South Delhi",Internship,Admin Jobs ,20000,2026-09-01,Not specified, https://www.adzuna.in/details/5863654715?utm_medium=api&utm_source=d4b34863," Intern Data Analyst (6-Month Term) Summary We are seeking a detail-oriented Intern Data Analyst to join our team for a six-month engagement focused on optimizing our fundraising and donor management operations. This role is pivotal in transforming raw data into actionable intelligence, ensuring the integrity of our donor databases, and providing strategic insights that drive campaign success. The ideal candidate will support the organization by maintaining robust reporting systems, conducting c…",,
5720744939,Intern , Gururo , India,Internship,IT Jobs , Not specified,2026-05-07,Not specified, https://www.adzuna.in/details/5720744939?utm_medium=api&utm_source=d4b34863, Job Title: Intern (Multiple Roles) Company: Gururo Department: Multiple Departments Location: Work from Office / Hybrid / Remote Job Type: Internship (Full-Time / Part-Time) Duration: 1–6 Months (Flexible) Experience Required: 0–1 Year (Freshers & Students Welcome) Compensation: Unpaid (For college-required internships) We are offering multiple internship roles across departments. Interns can choose based on their interests and skill sets. Digital Marketing Intern (Creative & SEO Focus) Social …,,
5808699074,Data Analyst Growth and Strategy Performance Marketing Internship in , Confluencr Global Influencer Marketing Agency ," Bangalore, Karnataka",Internship,"PR, Advertising & Marketing Jobs ", Not specified,2026-07-21,Not specified, https://www.adzuna.in/details/5808699074?utm_medium=api&utm_source=d4b34863, We are looking for a curious analytical and techsavvy Data Analyst Intern to join our Growth Strategy team You will work closely with the Performance Marketing Strategy and Business teams to transform data into actionable insights that drive customer acquisition campaign optimization and business growth Selected Interns Daytoday Responsibilities Include Analyze campaign performance data from Meta Ads Google Ads GA4 and other marketing platforms Build and maintain dashboards to track key busines…,,
5503837634,Machine Learning Intern , Optimspace ," Pune, Maharashtra",Internship,IT Jobs , Not specified,2025-11-20,Not specified, https://www.adzuna.in/details/5503837634?utm_medium=api&utm_source=d4b34863," Machine Learning Intern Company: Optimspace.in Location: Remote Duration: 3 months Opportunity: Full-time based on performance, with Certificate of Internship About Optimspace.in Optimspace.in provides students and graduates with hands-on learning opportunities and career growth in Machine Learning and Data Science. Role Overview As a Machine Learning Intern, you will work on real-world projects, enhancing your practical skills in data analysis and model development. Responsibilities ✅ Design, …",,
5889675395,Data Analyst Intern (Marketing) , Kreative & Co. ," Navi Mumbai, Maharashtra",Internship,"PR, Advertising & Marketing Jobs ", Not specified,2026-09-18,Not specified, https://www.adzuna.in/land/ad/5889675395?se=FM2b9P608RGk6dCvHcHp9g&utm_medium=api&utm_source=d4b34863&v=4AC3A53ED160027C6E3BAECE14141702950C8107," Role Description The Data Analyst Intern (Marketing) role is a full-time on-site position based in Navi Mumbai. The intern will support the marketing team by collecting, cleaning, and analyzing campaign and user data from various digital channels. Day-to-day tasks include preparing dashboards and reports, identifying trends and patterns in performance metrics, and assisting in building data-driven recommendations to optimize campaigns and improve ROI. The role also involves collaborating with m…",,
5503837644,Data Analyst Intern , Optimspace ," Pune, Maharashtra",Internship,IT Jobs , Not specified,2025-11-20,Not specified, https://www.adzuna.in/details/5503837644?utm_medium=api&utm_source=d4b34863," Job Title: Data Analyst Intern Company: Optimspace.in Location: Remote Duration: 3 months Opportunity: Full-time based on performance, with a Certificate of Internship Optimspace.in Optimspace.in offers practical experience for students and graduates in data analysis to enhance career prospects and provide hands-on learning opportunities in a real-world environment. Responsibilities Collect, clean, and analyze datasets. Develop reports and data visualizations. Identify trends and patterns in da…",,
5790433770,Data Analyst Intern , Innovexis ," Bangalore, Karnataka",Internship,IT Jobs , Not specified,2026-07-07,Not specified, https://www.adzuna.in/details/5790433770?utm_medium=api&utm_source=d4b34863," Description Innovexis is looking for a motivated Data Analyst Intern to join our team in Bengaluru. This internship offers a unique opportunity to gain hands-on experience in the Education Management industry while working remotely. As a Data Analyst Intern, you will contribute to key projects that support data-driven decision-making processes within our organization. In this role, you will work closely with experienced analysts to analyze and interpret data sets, assisting in the development o…",,
5834753332,Data Analyst Intern , Portcast , India,Internship,Engineering Jobs , Not specified,2026-08-09,Not specified, https://www.adzuna.in/details/5834753332?utm_medium=api&utm_source=d4b34863," Portcast is a venture-backed, Singapore-based logistics technology startup building a real-time transportation visibility platform for global supply chains. We help shippers, manufacturers, and logistics service providers turn data into decisions and decisions into measurable business impact. Our platform goes beyond visibility. Portcast enables action at scale by surfacing the right risks early, helping teams prevent detention and demurrage, accelerate exception management, and close invoices …",,
5859124162,Data Analyst - Intern , Claight Corporation Expert Market Research ," Noida, Ghaziabad",Internship,IT Jobs , Not specified,2026-08-28,Not specified, https://www.adzuna.in/details/5859124162?utm_medium=api&utm_source=d4b34863," Perform basic data analysis, clean datasets assist with reporting, support the analytics team with data-driven insights. Data Collection and Cleaning: Gather data from various sources including surveys, databases, and other market research tools Data Analysis and Interpretation: Analyse quantitative and qualitative data to identify trends, patterns, and insights Assist in developing dashboards, visualisations, and reports to present findings effectively Market Insights Support: Collaborate with…",,
5805535278,Data Analyst Internship in Pune , MAXGEN TECHNOLOGIES PRIVATE LIMITED , India,Internship,IT Jobs , Not specified,2026-07-18,Not specified, https://www.adzuna.in/details/5805535278?utm_medium=api&utm_source=d4b34863, Maxgen Technologies Pvt ltd offers live project internships in Pune Freshers and Students will getdata Analyst Internshipwith machine learning program Fresher career program hybrid internship placement without bond practical project internships flexible working hours call us hidden mobile visit us www maxgentechnologies com,,
5850339738,Data Analyst Internship in Ahmedabad , MAXGEN TECHNOLOGIES PRIVATE LIMITED , India,Internship,IT Jobs , Not specified,2026-08-21,Not specified, https://www.adzuna.in/details/5850339738?utm_medium=api&utm_source=d4b34863, Maxgen Technologies Pvt ltd offers live project internships inahmedabad Freshers and Students will getdata analyst internshipwith machine learning program Fresher career program hybrid internship placement without bond practical project internships flexible working hours call us hidden mobile visit us www maxgentechnologies com Address Abhijeet 3 603 Netaji Rd near Pantaloons Mithakhali Ellisbridge Ahmedabad,,
5831364894,Data Analyst Internship in Pune , MAXGEN TECHNOLOGIES PRIVATE LIMITED , India,Internship,Engineering Jobs , Not specified,2026-08-07,Not specified, https://www.adzuna.in/details/5831364894?utm_medium=api&utm_source=d4b34863, Maxgen Technologies Pvt ltd offers live project internships inPune Candidate will get Machine leanring internship and Ai program with job placement why interns choosing us hybrid internship longterm and shortterm program placement without bond practical project during internship skilled staff and management call us hidden mobile visit us www maxgentechnologies com,,
5854850712,Data Analyst Internship in Ahmedabad , MAXGEN TECHNOLOGIES PRIVATE LIMITED , India,Internship,Engineering Jobs , Not specified,2026-08-25,Not specified, https://www.adzuna.in/details/5854850712?utm_medium=api&utm_source=d4b34863, Maxgen Technologies Pvt ltd offers live project internships in ahmedabad Candidate will get data anlayst internship and Ai program with job placement why choosing us hybrid internship longterm and shortterm program placement without bond practical project during internship skilled staff and management call us hidden mobile visit us www maxgentechnologies com address Abhijeet 3 603 Netaji Rd near Pantaloons Mithakhali Ellisbridge Ahmedabad,,
5875067962,Data Analyst Internship in Ahmedabad , MAXGEN TECHNOLOGIES PRIVATE LIMITED , India,Internship,Engineering Jobs , Not specified,2026-09-08,Not specified, https://www.adzuna.in/details/5875067962?utm_medium=api&utm_source=d4b34863, Maxgen Technologies Pvt ltd located in pune We are offering indata analyst internshipand data analytics program to It and Engineering fresher candidates why we are important interns friendly environment professional and experience staff good work culture job placement in top mnc visit us at www maxgentechnologies com call us hidden mobile address Abhijeet 3 603 Netaji Rd near Pantaloons Mithakhali Ellisbridge Ahmedabad,,
5527692918,Data Analyst – Intern/Fresher/Experienced , Gururo ," Vadodara, Gujarat",Internship,IT Jobs , Not specified,2025-12-04,Not specified, https://www.adzuna.in/details/5527692918?utm_medium=api&utm_source=d4b34863," Location : Vadodara Type : Full-time / Internship Duration (for interns) : Minimum 3 months Stipend/CTC : Based on experience and role About Gururo Gururo is a global leader in practical, career-transforming education. With a mission to equip professionals and students with real-world skills, we specialize in project management, leadership, business analytics, and emerging technologies. Join our dynamic, impact-driven team to work on data-centric products that empower decision-making and transf…",,
5879541006,Data Analyst Intern (Finance) - January to May 2027 , Coinhako , India,Internship,IT Jobs , Not specified,2026-09-11,Not specified, https://www.adzuna.in/details/5879541006?utm_medium=api&utm_source=d4b34863," About Coinhako: Coinhako is actively recruiting for the position of Data Analyst Intern (Finance) - January to May 2027 (Engineering). Location & Setup: Singapore Overview: Contribute directly to Coinhako's Web3, smart contract, and blockchain infrastructure. Complete candidate qualifications and application instructions are available on Hashtag Web3. View full posting details and apply online on Hashtag Web3",,
1227100059,Data Analyst / Data Scientist | Internship | Tech-Savvy| , Anaxee Technologies ," Indore, Madhya Pradesh",Internship,IT Jobs ,100000,2019-08-05,Not specified, https://www.adzuna.in/details/1227100059?utm_medium=api&utm_source=d4b34863," Job role: As a data analyst, you will be responsible for compiling actionable insights from data and assisting program, sales and marketing managers build data-driven processes. Your role will involve driving initiatives to optimize for operational excellence and revenue. Job Location : Indore | Full-Time Internship | Stipend - Performance Based | About the company : Anaxee Digital Runners is building India's largest last-mile verification & data collection network of Digital Runners (shared fe…",,
5856164948,Data Science Ml Internship , MAXGEN TECHNOLOGIES PRIVATE LIMITED , India,Internship,IT Jobs , Not specified,2026-08-26,Not specified, https://www.adzuna.in/details/5856164948?utm_medium=api&utm_source=d4b34863, Maxgen Technologies Pvt ltd located in pune We are offering in data analyst internship and data Science program to It and Engineering fresher candidates why we are important interns friendly environment professional and experience staff good work culture job placement in top mnc visit us at www maxgentechnologies com call us hidden mobile address 601 Konark icon magarpatta pune,,
5856165536,Machine learning Internship in Ahmedabad , MAXGEN TECHNOLOGIES PRIVATE LIMITED , India,Internship,IT Jobs , Not specified,2026-08-26,Not specified, https://www.adzuna.in/details/5856165536?utm_medium=api&utm_source=d4b34863, Maxgen Technologies Pvt ltd located in Ahmedabad We are offering in data analyst internship and data Science program to It and Engineering fresher candidates why we are important interns friendly environment professional and experience staff good work culture job placement in top mnc visit us at www maxgentechnologies com call us hidden mobile Address 603 Abhijeet 3 near law garden Ahmedabad,,
5863654715,Intern - Data Analyst , CanKids KidsCan ," Gulmohar Park, South Delhi",Internship,Admin Jobs ,20000,2026-09-01,Not specified, https://www.adzuna.in/details/5863654715?utm_medium=api&utm_source=d4b34863," Intern Data Analyst (6-Month Term) Summary We are seeking a detail-oriented Intern Data Analyst to join our team for a six-month engagement focused on optimizing our fundraising and donor management operations. This role is pivotal in transforming raw data into actionable intelligence, ensuring the integrity of our donor databases, and providing strategic insights that drive campaign success. The ideal candidate will support the organization by maintaining robust reporting systems, conducting c…",,
5720744939,Intern , Gururo , India,Internship,IT Jobs , Not specified,2026-05-07,Not specified, https://www.adzuna.in/details/5720744939?utm_medium=api&utm_source=d4b34863, Job Title: Intern (Multiple Roles) Company: Gururo Department: Multiple Departments Location: Work from Office / Hybrid / Remote Job Type: Internship (Full-Time / Part-Time) Duration: 1–6 Months (Flexible) Experience Required: 0–1 Year (Freshers & Students Welcome) Compensation: Unpaid (For college-required internships) We are offering multiple internship roles across departments. Interns can choose based on their interests and skill sets. Digital Marketing Intern (Creative & SEO Focus) Social …,,
5808699074,Data Analyst Growth and Strategy Performance Marketing Internship in , Confluencr Global Influencer Marketing Agency ," Bangalore, Karnataka",Internship,"PR, Advertising & Marketing Jobs ", Not specified,2026-07-21,Not specified, https://www.adzuna.in/details/5808699074?utm_medium=api&utm_source=d4b34863, We are looking for a curious analytical and techsavvy Data Analyst Intern to join our Growth Strategy team You will work closely with the Performance Marketing Strategy and Business teams to transform data into actionable insights that drive customer acquisition campaign optimization and business growth Selected Interns Daytoday Responsibilities Include Analyze campaign performance data from Meta Ads Google Ads GA4 and other marketing platforms Build and maintain dashboards to track key busines…,,
5503837634,Machine Learning Intern , Optimspace ," Pune, Maharashtra",Internship,IT Jobs , Not specified,2025-11-20,Not specified, https://www.adzuna.in/details/5503837634?utm_medium=api&utm_source=d4b34863," Machine Learning Intern Company: Optimspace.in Location: Remote Duration: 3 months Opportunity: Full-time based on performance, with Certificate of Internship About Optimspace.in Optimspace.in provides students and graduates with hands-on learning opportunities and career growth in Machine Learning and Data Science. Role Overview As a Machine Learning Intern, you will work on real-world projects, enhancing your practical skills in data analysis and model development. Responsibilities ✅ Design, …",,
5889675395,Data Analyst Intern (Marketing) , Kreative & Co. ," Navi Mumbai, Maharashtra",Internship,"PR, Advertising & Marketing Jobs ", Not specified,2026-09-18,Not specified, https://www.adzuna.in/land/ad/5889675395?se=bDUPLMW18RGted_VhnwBIw&utm_medium=api&utm_source=d4b34863&v=4AC3A53ED160027C6E3BAECE14141702950C8107," Role Description The Data Analyst Intern (Marketing) role is a full-time on-site position based in Navi Mumbai. The intern will support the marketing team by collecting, cleaning, and analyzing campaign and user data from various digital channels. Day-to-day tasks include preparing dashboards and reports, identifying trends and patterns in performance metrics, and assisting in building data-driven recommendations to optimize campaigns and improve ROI. The role also involves collaborating with m…",,
5503837644,Data Analyst Intern , Optimspace ," Pune, Maharashtra",Internship,IT Jobs , Not specified,2025-11-20,Not specified, https://www.adzuna.in/details/5503837644?utm_medium=api&utm_source=d4b34863," Job Title: Data Analyst Intern Company: Optimspace.in Location: Remote Duration: 3 months Opportunity: Full-time based on performance, with a Certificate of Internship Optimspace.in Optimspace.in offers practical experience for students and graduates in data analysis to enhance career prospects and provide hands-on learning opportunities in a real-world environment. Responsibilities Collect, clean, and analyze datasets. Develop reports and data visualizations. Identify trends and patterns in da…",,
5790433770,Data Analyst Intern , Innovexis ," Bangalore, Karnataka",Internship,IT Jobs , Not specified,2026-07-07,Not specified, https://www.adzuna.in/details/5790433770?utm_medium=api&utm_source=d4b34863," Description Innovexis is looking for a motivated Data Analyst Intern to join our team in Bengaluru. This internship offers a unique opportunity to gain hands-on experience in the Education Management industry while working remotely. As a Data Analyst Intern, you will contribute to key projects that support data-driven decision-making processes within our organization. In this role, you will work closely with experienced analysts to analyze and interpret data sets, assisting in the development o…",,
5834753332,Data Analyst Intern , Portcast , India,Internship,Engineering Jobs , Not specified,2026-08-09,Not specified, https://www.adzuna.in/details/5834753332?utm_medium=api&utm_source=d4b34863," Portcast is a venture-backed, Singapore-based logistics technology startup building a real-time transportation visibility platform for global supply chains. We help shippers, manufacturers, and logistics service providers turn data into decisions and decisions into measurable business impact. Our platform goes beyond visibility. Portcast enables action at scale by surfacing the right risks early, helping teams prevent detention and demurrage, accelerate exception management, and close invoices …",,
5859124162,Data Analyst - Intern , Claight Corporation Expert Market Research ," Noida, Ghaziabad",Internship,IT Jobs , Not specified,2026-08-28,Not specified, https://www.adzuna.in/details/5859124162?utm_medium=api&utm_source=d4b34863," Perform basic data analysis, clean datasets assist with reporting, support the analytics team with data-driven insights. Data Collection and Cleaning: Gather data from various sources including surveys, databases, and other market research tools Data Analysis and Interpretation: Analyse quantitative and qualitative data to identify trends, patterns, and insights Assist in developing dashboards, visualisations, and reports to present findings effectively Market Insights Support: Collaborate with…",,
5805535278,Data Analyst Internship in Pune , MAXGEN TECHNOLOGIES PRIVATE LIMITED , India,Internship,IT Jobs , Not specified,2026-07-18,Not specified, https://www.adzuna.in/details/5805535278?utm_medium=api&utm_source=d4b34863, Maxgen Technologies Pvt ltd offers live project internships in Pune Freshers and Students will getdata Analyst Internshipwith machine learning program Fresher career program hybrid internship placement without bond practical project internships flexible working hours call us hidden mobile visit us www maxgentechnologies com,,
5850339738,Data Analyst Internship in Ahmedabad , MAXGEN TECHNOLOGIES PRIVATE LIMITED , India,Internship,IT Jobs , Not specified,2026-08-21,Not specified, https://www.adzuna.in/details/5850339738?utm_medium=api&utm_source=d4b34863, Maxgen Technologies Pvt ltd offers live project internships inahmedabad Freshers and Students will getdata analyst internshipwith machine learning program Fresher career program hybrid internship placement without bond practical project internships flexible working hours call us hidden mobile visit us www maxgentechnologies com Address Abhijeet 3 603 Netaji Rd near Pantaloons Mithakhali Ellisbridge Ahmedabad,,
5831364894,Data Analyst Internship in Pune , MAXGEN TECHNOLOGIES PRIVATE LIMITED , India,Internship,Engineering Jobs , Not specified,2026-08-07,Not specified, https://www.adzuna.in/details/5831364894?utm_medium=api&utm_source=d4b34863, Maxgen Technologies Pvt ltd offers live project internships inPune Candidate will get Machine leanring internship and Ai program with job placement why interns choosing us hybrid internship longterm and shortterm program placement without bond practical project during internship skilled staff and management call us hidden mobile visit us www maxgentechnologies com,,
5854850712,Data Analyst Internship in Ahmedabad , MAXGEN TECHNOLOGIES PRIVATE LIMITED , India,Internship,Engineering Jobs , Not specified,2026-08-25,Not specified, https://www.adzuna.in/details/5854850712?utm_medium=api&utm_source=d4b34863, Maxgen Technologies Pvt ltd offers live project internships in ahmedabad Candidate will get data anlayst internship and Ai program with job placement why choosing us hybrid internship longterm and shortterm program placement without bond practical project during internship skilled staff and management call us hidden mobile visit us www maxgentechnologies com address Abhijeet 3 603 Netaji Rd near Pantaloons Mithakhali Ellisbridge Ahmedabad,,
5875067962,Data Analyst Internship in Ahmedabad , MAXGEN TECHNOLOGIES PRIVATE LIMITED , India,Internship,Engineering Jobs , Not specified,2026-09-08,Not specified, https://www.adzuna.in/details/5875067962?utm_medium=api&utm_source=d4b34863, Maxgen Technologies Pvt ltd located in pune We are offering indata analyst internshipand data analytics program to It and Engineering fresher candidates why we are important interns friendly environment professional and experience staff good work culture job placement in top mnc visit us at www maxgentechnologies com call us hidden mobile address Abhijeet 3 603 Netaji Rd near Pantaloons Mithakhali Ellisbridge Ahmedabad,,
5527692918,Data Analyst – Intern/Fresher/Experienced , Gururo ," Vadodara, Gujarat",Internship,IT Jobs , Not specified,2025-12-04,Not specified, https://www.adzuna.in/details/5527692918?utm_medium=api&utm_source=d4b34863," Location : Vadodara Type : Full-time / Internship Duration (for interns) : Minimum 3 months Stipend/CTC : Based on experience and role About Gururo Gururo is a global leader in practical, career-transforming education. With a mission to equip professionals and students with real-world skills, we specialize in project management, leadership, business analytics, and emerging technologies. Join our dynamic, impact-driven team to work on data-centric products that empower decision-making and transf…",,
5879541006,Data Analyst Intern (Finance) - January to May 2027 , Coinhako , India,Internship,IT Jobs , Not specified,2026-09-11,Not specified, https://www.adzuna.in/details/5879541006?utm_medium=api&utm_source=d4b34863," About Coinhako: Coinhako is actively recruiting for the position of Data Analyst Intern (Finance) - January to May 2027 (Engineering). Location & Setup: Singapore Overview: Contribute directly to Coinhako's Web3, smart contract, and blockchain infrastructure. Complete candidate qualifications and application instructions are available on Hashtag Web3. View full posting details and apply online on Hashtag Web3",,
1227100059,Data Analyst / Data Scientist | Internship | Tech-Savvy| , Anaxee Technologies ," Indore, Madhya Pradesh",Internship,IT Jobs ,100000,2019-08-05,Not specified, https://www.adzuna.in/details/1227100059?utm_medium=api&utm_source=d4b34863," Job role: As a data analyst, you will be responsible for compiling actionable insights from data and assisting program, sales and marketing managers build data-driven processes. Your role will involve driving initiatives to optimize for operational excellence and revenue. Job Location : Indore | Full-Time Internship | Stipend - Performance Based | About the company : Anaxee Digital Runners is building India's largest last-mile verification & data collection network of Digital Runners (shared fe…",,
5856164948,Data Science Ml Internship , MAXGEN TECHNOLOGIES PRIVATE LIMITED , India,Internship,IT Jobs , Not specified,2026-08-26,Not specified, https://www.adzuna.in/details/5856164948?utm_medium=api&utm_source=d4b34863, Maxgen Technologies Pvt ltd located in pune We are offering in data analyst internship and data Science program to It and Engineering fresher candidates why we are important interns friendly environment professional and experience staff good work culture job placement in top mnc visit us at www maxgentechnologies com call us hidden mobile address 601 Konark icon magarpatta pune,,
5856165536,Machine learning Internship in Ahmedabad , MAXGEN TECHNOLOGIES PRIVATE LIMITED , India,Internship,IT Jobs , Not specified,2026-08-26,Not specified, https://www.adzuna.in/details/5856165536?utm_medium=api&utm_source=d4b34863, Maxgen Technologies Pvt ltd located in Ahmedabad We are offering in data analyst internship and data Science program to It and Engineering fresher candidates why we are important interns friendly environment professional and experience staff good work culture job placement in top mnc visit us at www maxgentechnologies com call us hidden mobile Address 603 Abhijeet 3 near law garden Ahmedabad,,
5863654715,Intern - Data Analyst , CanKids KidsCan ," Gulmohar Park, South Delhi",Internship,Admin Jobs ,20000,2026-09-01,Not specified, https://www.adzuna.in/details/5863654715?utm_medium=api&utm_source=d4b34863," Intern Data Analyst (6-Month Term) Summary We are seeking a detail-oriented Intern Data Analyst to join our team for a six-month engagement focused on optimizing our fundraising and donor management operations. This role is pivotal in transforming raw data into actionable intelligence, ensuring the integrity of our donor databases, and providing strategic insights that drive campaign success. The ideal candidate will support the organization by maintaining robust reporting systems, conducting c…",,
5720744939,Intern , Gururo , India,Internship,IT Jobs , Not specified,2026-05-07,Not specified, https://www.adzuna.in/details/5720744939?utm_medium=api&utm_source=d4b34863, Job Title: Intern (Multiple Roles) Company: Gururo Department: Multiple Departments Location: Work from Office / Hybrid / Remote Job Type: Internship (Full-Time / Part-Time) Duration: 1–6 Months (Flexible) Experience Required: 0–1 Year (Freshers & Students Welcome) Compensation: Unpaid (For college-required internships) We are offering multiple internship roles across departments. Interns can choose based on their interests and skill sets. Digital Marketing Intern (Creative & SEO Focus) Social …,,
5808699074,Data Analyst Growth and Strategy Performance Marketing Internship in , Confluencr Global Influencer Marketing Agency ," Bangalore, Karnataka",Internship,"PR, Advertising & Marketing Jobs ", Not specified,2026-07-21,Not specified, https://www.adzuna.in/details/5808699074?utm_medium=api&utm_source=d4b34863, We are looking for a curious analytical and techsavvy Data Analyst Intern to join our Growth Strategy team You will work closely with the Performance Marketing Strategy and Business teams to transform data into actionable insights that drive customer acquisition campaign optimization and business growth Selected Interns Daytoday Responsibilities Include Analyze campaign performance data from Meta Ads Google Ads GA4 and other marketing platforms Build and maintain dashboards to track key busines…,,
5503837634,Machine Learning Intern , Optimspace ," Pune, Maharashtra",Internship,IT Jobs , Not specified,2025-11-20,Not specified, https://www.adzuna.in/details/5503837634?utm_medium=api&utm_source=d4b34863," Machine Learning Intern Company: Optimspace.in Location: Remote Duration: 3 months Opportunity: Full-time based on performance, with Certificate of Internship About Optimspace.in Optimspace.in provides students and graduates with hands-on learning opportunities and career growth in Machine Learning and Data Science. Role Overview As a Machine Learning Intern, you will work on real-world projects, enhancing your practical skills in data analysis and model development. Responsibilities ✅ Design, …",,
5503837633,Business Analyst Intern , Optimspace ," Pune, Maharashtra",Internship,IT Jobs , Not specified,2025-11-20,Not specified, https://www.adzuna.in/details/5503837633?utm_medium=api&utm_source=d4b34863," Job Title: Business Analyst Intern Company: Optimspace.in Location: Remote Duration: 3 months Opportunity: Full-time based on performance, with a Certificate of Internship About Optimspace.in Optimspace.in offers practical experience for students and graduates in Data and Business analysis to enhance career prospects and provide hands-on experience in analyzing processes, identifying business needs, and recommending data-backed solutions. Responsibilities Gather and analyze business and market …",,
5889675395,Data Analyst Intern (Marketing) , Kreative & Co. ," Navi Mumbai, Maharashtra",Internship,"PR, Advertising & Marketing Jobs ", Not specified,2026-09-18,Not specified, https://www.adzuna.in/land/ad/5889675395?se=4G0eYZK28RG4atINPhkN_w&utm_medium=api&utm_source=d4b34863&v=4AC3A53ED160027C6E3BAECE14141702950C8107," Role Description The Data Analyst Intern (Marketing) role is a full-time on-site position based in Navi Mumbai. The intern will support the marketing team by collecting, cleaning, and analyzing campaign and user data from various digital channels. Day-to-day tasks include preparing dashboards and reports, identifying trends and patterns in performance metrics, and assisting in building data-driven recommendations to optimize campaigns and improve ROI. The role also involves collaborating with m…",,
5503837644,Data Analyst Intern , Optimspace ," Pune, Maharashtra",Internship,IT Jobs , Not specified,2025-11-20,Not specified, https://www.adzuna.in/details/5503837644?utm_medium=api&utm_source=d4b34863," Job Title: Data Analyst Intern Company: Optimspace.in Location: Remote Duration: 3 months Opportunity: Full-time based on performance, with a Certificate of Internship Optimspace.in Optimspace.in offers practical experience for students and graduates in data analysis to enhance career prospects and provide hands-on learning opportunities in a real-world environment. Responsibilities Collect, clean, and analyze datasets. Develop reports and data visualizations. Identify trends and patterns in da…",,
5790433770,Data Analyst Intern , Innovexis ," Bangalore, Karnataka",Internship,IT Jobs , Not specified,2026-07-07,Not specified, https://www.adzuna.in/details/5790433770?utm_medium=api&utm_source=d4b34863," Description Innovexis is looking for a motivated Data Analyst Intern to join our team in Bengaluru. This internship offers a unique opportunity to gain hands-on experience in the Education Management industry while working remotely. As a Data Analyst Intern, you will contribute to key projects that support data-driven decision-making processes within our organization. In this role, you will work closely with experienced analysts to analyze and interpret data sets, assisting in the development o…",,
5834753332,Data Analyst Intern , Portcast , India,Internship,Engineering Jobs , Not specified,2026-08-09,Not specified, https://www.adzuna.in/details/5834753332?utm_medium=api&utm_source=d4b34863," Portcast is a venture-backed, Singapore-based logistics technology startup building a real-time transportation visibility platform for global supply chains. We help shippers, manufacturers, and logistics service providers turn data into decisions and decisions into measurable business impact. Our platform goes beyond visibility. Portcast enables action at scale by surfacing the right risks early, helping teams prevent detention and demurrage, accelerate exception management, and close invoices …",,
5859124162,Data Analyst - Intern , Claight Corporation Expert Market Research ," Noida, Ghaziabad",Internship,IT Jobs , Not specified,2026-08-28,Not specified, https://www.adzuna.in/details/5859124162?utm_medium=api&utm_source=d4b34863," Perform basic data analysis, clean datasets assist with reporting, support the analytics team with data-driven insights. Data Collection and Cleaning: Gather data from various sources including surveys, databases, and other market research tools Data Analysis and Interpretation: Analyse quantitative and qualitative data to identify trends, patterns, and insights Assist in developing dashboards, visualisations, and reports to present findings effectively Market Insights Support: Collaborate with…",,
5805535278,Data Analyst Internship in Pune , MAXGEN TECHNOLOGIES PRIVATE LIMITED , India,Internship,IT Jobs , Not specified,2026-07-18,Not specified, https://www.adzuna.in/details/5805535278?utm_medium=api&utm_source=d4b34863, Maxgen Technologies Pvt ltd offers live project internships in Pune Freshers and Students will getdata Analyst Internshipwith machine learning program Fresher career program hybrid internship placement without bond practical project internships flexible working hours call us hidden mobile visit us www maxgentechnologies com,,
5850339738,Data Analyst Internship in Ahmedabad , MAXGEN TECHNOLOGIES PRIVATE LIMITED , India,Internship,IT Jobs , Not specified,2026-08-21,Not specified, https://www.adzuna.in/details/5850339738?utm_medium=api&utm_source=d4b34863, Maxgen Technologies Pvt ltd offers live project internships inahmedabad Freshers and Students will getdata analyst internshipwith machine learning program Fresher career program hybrid internship placement without bond practical project internships flexible working hours call us hidden mobile visit us www maxgentechnologies com Address Abhijeet 3 603 Netaji Rd near Pantaloons Mithakhali Ellisbridge Ahmedabad,,
5831364894,Data Analyst Internship in Pune , MAXGEN TECHNOLOGIES PRIVATE LIMITED , India,Internship,Engineering Jobs , Not specified,2026-08-07,Not specified, https://www.adzuna.in/details/5831364894?utm_medium=api&utm_source=d4b34863, Maxgen Technologies Pvt ltd offers live project internships inPune Candidate will get Machine leanring internship and Ai program with job placement why interns choosing us hybrid internship longterm and shortterm program placement without bond practical project during internship skilled staff and management call us hidden mobile visit us www maxgentechnologies com,,
5854850712,Data Analyst Internship in Ahmedabad , MAXGEN TECHNOLOGIES PRIVATE LIMITED , India,Internship,Engineering Jobs , Not specified,2026-08-25,Not specified, https://www.adzuna.in/details/5854850712?utm_medium=api&utm_source=d4b34863, Maxgen Technologies Pvt ltd offers live project internships in ahmedabad Candidate will get data anlayst internship and Ai program with job placement why choosing us hybrid internship longterm and shortterm program placement without bond practical project during internship skilled staff and management call us hidden mobile visit us www maxgentechnologies com address Abhijeet 3 603 Netaji Rd near Pantaloons Mithakhali Ellisbridge Ahmedabad,,
5875067962,Data Analyst Internship in Ahmedabad , MAXGEN TECHNOLOGIES PRIVATE LIMITED , India,Internship,Engineering Jobs , Not specified,2026-09-08,Not specified, https://www.adzuna.in/details/5875067962?utm_medium=api&utm_source=d4b34863, Maxgen Technologies Pvt ltd located in pune We are offering indata analyst internshipand data analytics program to It and Engineering fresher candidates why we are important interns friendly environment professional and experience staff good work culture job placement in top mnc visit us at www maxgentechnologies com call us hidden mobile address Abhijeet 3 603 Netaji Rd near Pantaloons Mithakhali Ellisbridge Ahmedabad,,
5527692918,Data Analyst – Intern/Fresher/Experienced , Gururo ," Vadodara, Gujarat",Internship,IT Jobs , Not specified,2025-12-04,Not specified, https://www.adzuna.in/details/5527692918?utm_medium=api&utm_source=d4b34863," Location : Vadodara Type : Full-time / Internship Duration (for interns) : Minimum 3 months Stipend/CTC : Based on experience and role About Gururo Gururo is a global leader in practical, career-transforming education. With a mission to equip professionals and students with real-world skills, we specialize in project management, leadership, business analytics, and emerging technologies. Join our dynamic, impact-driven team to work on data-centric products that empower decision-making and transf…",,
5879541006,Data Analyst Intern (Finance) - January to May 2027 , Coinhako , India,Internship,IT Jobs , Not specified,2026-09-11,Not specified, https://www.adzuna.in/details/5879541006?utm_medium=api&utm_source=d4b34863," About Coinhako: Coinhako is actively recruiting for the position of Data Analyst Intern (Finance) - January to May 2027 (Engineering). Location & Setup: Singapore Overview: Contribute directly to Coinhako's Web3, smart contract, and blockchain infrastructure. Complete candidate qualifications and application instructions are available on Hashtag Web3. View full posting details and apply online on Hashtag Web3",,
1227100059,Data Analyst / Data Scientist | Internship | Tech-Savvy| , Anaxee Technologies ," Indore, Madhya Pradesh",Internship,IT Jobs ,100000,2019-08-05,Not specified, https://www.adzuna.in/details/1227100059?utm_medium=api&utm_source=d4b34863," Job role: As a data analyst, you will be responsible for compiling actionable insights from data and assisting program, sales and marketing managers build data-driven processes. Your role will involve driving initiatives to optimize for operational excellence and revenue. Job Location : Indore | Full-Time Internship | Stipend - Performance Based | About the company : Anaxee Digital Runners is building India's largest last-mile verification & data collection network of Digital Runners (shared fe…",,
5856164948,Data Science Ml Internship , MAXGEN TECHNOLOGIES PRIVATE LIMITED , India,Internship,IT Jobs , Not specified,2026-08-26,Not specified, https://www.adzuna.in/details/5856164948?utm_medium=api&utm_source=d4b34863, Maxgen Technologies Pvt ltd located in pune We are offering in data analyst internship and data Science program to It and Engineering fresher candidates why we are important interns friendly environment professional and experience staff good work culture job placement in top mnc visit us at www maxgentechnologies com call us hidden mobile address 601 Konark icon magarpatta pune,,
5856165536,Machine learning Internship in Ahmedabad , MAXGEN TECHNOLOGIES PRIVATE LIMITED , India,Internship,IT Jobs , Not specified,2026-08-26,Not specified, https://www.adzuna.in/details/5856165536?utm_medium=api&utm_source=d4b34863, Maxgen Technologies Pvt ltd located in Ahmedabad We are offering in data analyst internship and data Science program to It and Engineering fresher candidates why we are important interns friendly environment professional and experience staff good work culture job placement in top mnc visit us at www maxgentechnologies com call us hidden mobile Address 603 Abhijeet 3 near law garden Ahmedabad,,
5863654715,Intern - Data Analyst , CanKids KidsCan ," Gulmohar Park, South Delhi",Internship,Admin Jobs ,20000,2026-09-01,Not specified, https://www.adzuna.in/details/5863654715?utm_medium=api&utm_source=d4b34863," Intern Data Analyst (6-Month Term) Summary We are seeking a detail-oriented Intern Data Analyst to join our team for a six-month engagement focused on optimizing our fundraising and donor management operations. This role is pivotal in transforming raw data into actionable intelligence, ensuring the integrity of our donor databases, and providing strategic insights that drive campaign success. The ideal candidate will support the organization by maintaining robust reporting systems, conducting c…",,
5720744939,Intern , Gururo , India,Internship,IT Jobs , Not specified,2026-05-07,Not specified, https://www.adzuna.in/details/5720744939?utm_medium=api&utm_source=d4b34863, Job Title: Intern (Multiple Roles) Company: Gururo Department: Multiple Departments Location: Work from Office / Hybrid / Remote Job Type: Internship (Full-Time / Part-Time) Duration: 1–6 Months (Flexible) Experience Required: 0–1 Year (Freshers & Students Welcome) Compensation: Unpaid (For college-required internships) We are offering multiple internship roles across departments. Interns can choose based on their interests and skill sets. Digital Marketing Intern (Creative & SEO Focus) Social …,,
5808699074,Data Analyst Growth and Strategy Performance Marketing Internship in , Confluencr Global Influencer Marketing Agency ," Bangalore, Karnataka",Internship,"PR, Advertising & Marketing Jobs ", Not specified,2026-07-21,Not specified, https://www.adzuna.in/details/5808699074?utm_medium=api&utm_source=d4b34863, We are looking for a curious analytical and techsavvy Data Analyst Intern to join our Growth Strategy team You will work closely with the Performance Marketing Strategy and Business teams to transform data into actionable insights that drive customer acquisition campaign optimization and business growth Selected Interns Daytoday Responsibilities Include Analyze campaign performance data from Meta Ads Google Ads GA4 and other marketing platforms Build and maintain dashboards to track key busines…,,
5503837634,Machine Learning Intern , Optimspace ," Pune, Maharashtra",Internship,IT Jobs , Not specified,2025-11-20,Not specified, https://www.adzuna.in/details/5503837634?utm_medium=api&utm_source=d4b34863," Machine Learning Intern Company: Optimspace.in Location: Remote Duration: 3 months Opportunity: Full-time based on performance, with Certificate of Internship About Optimspace.in Optimspace.in provides students and graduates with hands-on learning opportunities and career growth in Machine Learning and Data Science. Role Overview As a Machine Learning Intern, you will work on real-world projects, enhancing your practical skills in data analysis and model development. Responsibilities ✅ Design, …",,
5889675395,Data Analyst Intern (Marketing) , Kreative & Co. ," Navi Mumbai, Maharashtra",Internship,"PR, Advertising & Marketing Jobs ", Not specified,2026-09-18,Not specified, https://www.adzuna.in/land/ad/5889675395?se=7F-jIlK38RGpV9S3FnLg6g&utm_medium=api&utm_source=d4b34863&v=4AC3A53ED160027C6E3BAECE14141702950C8107," Role Description The Data Analyst Intern (Marketing) role is a full-time on-site position based in Navi Mumbai. The intern will support the marketing team by collecting, cleaning, and analyzing campaign and user data from various digital channels. Day-to-day tasks include preparing dashboards and reports, identifying trends and patterns in performance metrics, and assisting in building data-driven recommendations to optimize campaigns and improve ROI. The role also involves collaborating with m…",,
5503837644,Data Analyst Intern , Optimspace ," Pune, Maharashtra",Internship,IT Jobs , Not specified,2025-11-20,Not specified, https://www.adzuna.in/details/5503837644?utm_medium=api&utm_source=d4b34863," Job Title: Data Analyst Intern Company: Optimspace.in Location: Remote Duration: 3 months Opportunity: Full-time based on performance, with a Certificate of Internship Optimspace.in Optimspace.in offers practical experience for students and graduates in data analysis to enhance career prospects and provide hands-on learning opportunities in a real-world environment. Responsibilities Collect, clean, and analyze datasets. Develop reports and data visualizations. Identify trends and patterns in da…",,
5894620896,Data Analyst Intern , Innovexis ," Bangalore, Karnataka",Internship,IT Jobs , Not specified,2026-09-23,Not specified, https://www.adzuna.in/details/5894620896?utm_medium=api&utm_source=d4b34863," Description Innovexis is seeking a Data Analyst Intern to join our team in Bengaluru, working remotely on a full internship basis. This is an excellent opportunity for aspiring data professionals to gain hands-on experience in the Information Technology industry while contributing to real-world data projects. As a Data Analyst Intern at Innovexis, you will work closely with our analytics and engineering teams to collect, clean, and interpret data that supports informed business decisions. You w…",,
5834753332,Data Analyst Intern , Portcast , India,Internship,Engineering Jobs , Not specified,2026-08-09,Not specified, https://www.adzuna.in/details/5834753332?utm_medium=api&utm_source=d4b34863," Portcast is a venture-backed, Singapore-based logistics technology startup building a real-time transportation visibility platform for global supply chains. We help shippers, manufacturers, and logistics service providers turn data into decisions and decisions into measurable business impact. Our platform goes beyond visibility. Portcast enables action at scale by surfacing the right risks early, helping teams prevent detention and demurrage, accelerate exception management, and close invoices …",,
5859124162,Data Analyst - Intern , Claight Corporation Expert Market Research ," Noida, Ghaziabad",Internship,IT Jobs , Not specified,2026-08-28,Not specified, https://www.adzuna.in/details/5859124162?utm_medium=api&utm_source=d4b34863," Perform basic data analysis, clean datasets assist with reporting, support the analytics team with data-driven insights. Data Collection and Cleaning: Gather data from various sources including surveys, databases, and other market research tools Data Analysis and Interpretation: Analyse quantitative and qualitative data to identify trends, patterns, and insights Assist in developing dashboards, visualisations, and reports to present findings effectively Market Insights Support: Collaborate with…",,
5805535278,Data Analyst Internship in Pune , MAXGEN TECHNOLOGIES PRIVATE LIMITED , India,Internship,IT Jobs , Not specified,2026-07-18,Not specified, https://www.adzuna.in/details/5805535278?utm_medium=api&utm_source=d4b34863, Maxgen Technologies Pvt ltd offers live project internships in Pune Freshers and Students will getdata Analyst Internshipwith machine learning program Fresher career program hybrid internship placement without bond practical project internships flexible working hours call us hidden mobile visit us www maxgentechnologies com,,
5850339738,Data Analyst Internship in Ahmedabad , MAXGEN TECHNOLOGIES PRIVATE LIMITED , India,Internship,IT Jobs , Not specified,2026-08-21,Not specified, https://www.adzuna.in/details/5850339738?utm_medium=api&utm_source=d4b34863, Maxgen Technologies Pvt ltd offers live project internships inahmedabad Freshers and Students will getdata analyst internshipwith machine learning program Fresher career program hybrid internship placement without bond practical project internships flexible working hours call us hidden mobile visit us www maxgentechnologies com Address Abhijeet 3 603 Netaji Rd near Pantaloons Mithakhali Ellisbridge Ahmedabad,,
5831364894,Data Analyst Internship in Pune , MAXGEN TECHNOLOGIES PRIVATE LIMITED , India,Internship,Engineering Jobs , Not specified,2026-08-07,Not specified, https://www.adzuna.in/details/5831364894?utm_medium=api&utm_source=d4b34863, Maxgen Technologies Pvt ltd offers live project internships inPune Candidate will get Machine leanring internship and Ai program with job placement why interns choosing us hybrid internship longterm and shortterm program placement without bond practical project during internship skilled staff and management call us hidden mobile visit us www maxgentechnologies com,,
5854850712,Data Analyst Internship in Ahmedabad , MAXGEN TECHNOLOGIES PRIVATE LIMITED , India,Internship,Engineering Jobs , Not specified,2026-08-25,Not specified, https://www.adzuna.in/details/5854850712?utm_medium=api&utm_source=d4b34863, Maxgen Technologies Pvt ltd offers live project internships in ahmedabad Candidate will get data anlayst internship and Ai program with job placement why choosing us hybrid internship longterm and shortterm program placement without bond practical project during internship skilled staff and management call us hidden mobile visit us www maxgentechnologies com address Abhijeet 3 603 Netaji Rd near Pantaloons Mithakhali Ellisbridge Ahmedabad,,
5875067962,Data Analyst Internship in Ahmedabad , MAXGEN TECHNOLOGIES PRIVATE LIMITED , India,Internship,Engineering Jobs , Not specified,2026-09-08,Not specified, https://www.adzuna.in/details/5875067962?utm_medium=api&utm_source=d4b34863, Maxgen Technologies Pvt ltd located in pune We are offering indata analyst internshipand data analytics program to It and Engineering fresher candidates why we are important interns friendly environment professional and experience staff good work culture job placement in top mnc visit us at www maxgentechnologies com call us hidden mobile address Abhijeet 3 603 Netaji Rd near Pantaloons Mithakhali Ellisbridge Ahmedabad,,
5527692918,Data Analyst – Intern/Fresher/Experienced , Gururo ," Vadodara, Gujarat",Internship,IT Jobs , Not specified,2025-12-04,Not specified, https://www.adzuna.in/details/5527692918?utm_medium=api&utm_source=d4b34863," Location : Vadodara Type : Full-time / Internship Duration (for interns) : Minimum 3 months Stipend/CTC : Based on experience and role About Gururo Gururo is a global leader in practical, career-transforming education. With a mission to equip professionals and students with real-world skills, we specialize in project management, leadership, business analytics, and emerging technologies. Join our dynamic, impact-driven team to work on data-centric products that empower decision-making and transf…",,
5879541006,Data Analyst Intern (Finance) - January to May 2027 , Coinhako , India,Internship,Accounting & Finance Jobs , Not specified,2026-09-11,Not specified, https://www.adzuna.in/details/5879541006?utm_medium=api&utm_source=d4b34863," About the Role We're looking for a Data Analyst Intern to work with our data team on the numbers Finance relies on. Every financial report, reconciliation and month-end figure at Coinhako depends on data being right. You'll work on the analysis and checks behind those numbers — reconciling figures against independent sources, investigating why two reports disagree, and turning checks that someone currently does by hand into something that runs on its own. This is real work on production data, s…",,
1227100059,Data Analyst / Data Scientist | Internship | Tech-Savvy| , Anaxee Technologies ," Indore, Madhya Pradesh",Internship,IT Jobs ,100000,2019-08-05,Not specified, https://www.adzuna.in/details/1227100059?utm_medium=api&utm_source=d4b34863," Job role: As a data analyst, you will be responsible for compiling actionable insights from data and assisting program, sales and marketing managers build data-driven processes. Your role will involve driving initiatives to optimize for operational excellence and revenue. Job Location : Indore | Full-Time Internship | Stipend - Performance Based | About the company : Anaxee Digital Runners is building India's largest last-mile verification & data collection network of Digital Runners (shared fe…",,
5856164948,Data Science Ml Internship , MAXGEN TECHNOLOGIES PRIVATE LIMITED , India,Internship,IT Jobs , Not specified,2026-08-26,Not specified, https://www.adzuna.in/details/5856164948?utm_medium=api&utm_source=d4b34863, Maxgen Technologies Pvt ltd located in pune We are offering in data analyst internship and data Science program to It and Engineering fresher candidates why we are important interns friendly environment professional and experience staff good work culture job placement in top mnc visit us at www maxgentechnologies com call us hidden mobile address 601 Konark icon magarpatta pune,,
5856165536,Machine learning Internship in Ahmedabad , MAXGEN TECHNOLOGIES PRIVATE LIMITED , India,Internship,IT Jobs , Not specified,2026-08-26,Not specified, https://www.adzuna.in/details/5856165536?utm_medium=api&utm_source=d4b34863, Maxgen Technologies Pvt ltd located in Ahmedabad We are offering in data analyst internship and data Science program to It and Engineering fresher candidates why we are important interns friendly environment professional and experience staff good work culture job placement in top mnc visit us at www maxgentechnologies com call us hidden mobile Address 603 Abhijeet 3 near law garden Ahmedabad,,
5863654715,Intern - Data Analyst , CanKids KidsCan ," Gulmohar Park, South Delhi",Internship,Admin Jobs ,20000,2026-09-01,Not specified, https://www.adzuna.in/details/5863654715?utm_medium=api&utm_source=d4b34863," Intern Data Analyst (6-Month Term) Summary We are seeking a detail-oriented Intern Data Analyst to join our team for a six-month engagement focused on optimizing our fundraising and donor management operations. This role is pivotal in transforming raw data into actionable intelligence, ensuring the integrity of our donor databases, and providing strategic insights that drive campaign success. The ideal candidate will support the organization by maintaining robust reporting systems, conducting c…",,
5720744939,Intern , Gururo , India,Internship,IT Jobs , Not specified,2026-05-07,Not specified, https://www.adzuna.in/details/5720744939?utm_medium=api&utm_source=d4b34863, Job Title: Intern (Multiple Roles) Company: Gururo Department: Multiple Departments Location: Work from Office / Hybrid / Remote Job Type: Internship (Full-Time / Part-Time) Duration: 1–6 Months (Flexible) Experience Required: 0–1 Year (Freshers & Students Welcome) Compensation: Unpaid (For college-required internships) We are offering multiple internship roles across departments. Interns can choose based on their interests and skill sets. Digital Marketing Intern (Creative & SEO Focus) Social …,,
5808699074,Data Analyst Growth and Strategy Performance Marketing Internship in , Confluencr Global Influencer Marketing Agency ," Bangalore, Karnataka",Internship,"PR, Advertising & Marketing Jobs ", Not specified,2026-07-21,Not specified, https://www.adzuna.in/details/5808699074?utm_medium=api&utm_source=d4b34863, We are looking for a curious analytical and techsavvy Data Analyst Intern to join our Growth Strategy team You will work closely with the Performance Marketing Strategy and Business teams to transform data into actionable insights that drive customer acquisition campaign optimization and business growth Selected Interns Daytoday Responsibilities Include Analyze campaign performance data from Meta Ads Google Ads GA4 and other marketing platforms Build and maintain dashboards to track key busines…,,
5503837634,Machine Learning Intern , Optimspace ," Pune, Maharashtra",Internship,IT Jobs , Not specified,2025-11-20,Not specified, https://www.adzuna.in/details/5503837634?utm_medium=api&utm_source=d4b34863," Machine Learning Intern Company: Optimspace.in Location: Remote Duration: 3 months Opportunity: Full-time based on performance, with Certificate of Internship About Optimspace.in Optimspace.in provides students and graduates with hands-on learning opportunities and career growth in Machine Learning and Data Science. Role Overview As a Machine Learning Intern, you will work on real-world projects, enhancing your practical skills in data analysis and model development. Responsibilities ✅ Design, …",,
5889675395,Data Analyst Intern (Marketing) , Kreative & Co. ," Navi Mumbai, Maharashtra",Internship,"PR, Advertising & Marketing Jobs ", Not specified,2026-09-18,Not specified, https://www.adzuna.in/land/ad/5889675395?se=gIv0L1e38RGC4YytmZ486A&utm_medium=api&utm_source=d4b34863&v=4AC3A53ED160027C6E3BAECE14141702950C8107," Role Description The Data Analyst Intern (Marketing) role is a full-time on-site position based in Navi Mumbai. The intern will support the marketing team by collecting, cleaning, and analyzing campaign and user data from various digital channels. Day-to-day tasks include preparing dashboards and reports, identifying trends and patterns in performance metrics, and assisting in building data-driven recommendations to optimize campaigns and improve ROI. The role also involves collaborating with m…",,
5503837644,Data Analyst Intern , Optimspace ," Pune, Maharashtra",Internship,IT Jobs , Not specified,2025-11-20,Not specified, https://www.adzuna.in/details/5503837644?utm_medium=api&utm_source=d4b34863," Job Title: Data Analyst Intern Company: Optimspace.in Location: Remote Duration: 3 months Opportunity: Full-time based on performance, with a Certificate of Internship Optimspace.in Optimspace.in offers practical experience for students and graduates in data analysis to enhance career prospects and provide hands-on learning opportunities in a real-world environment. Responsibilities Collect, clean, and analyze datasets. Develop reports and data visualizations. Identify trends and patterns in da…",,
5894620896,Data Analyst Intern , Innovexis ," Bangalore, Karnataka",Internship,IT Jobs , Not specified,2026-09-23,Not specified, https://www.adzuna.in/details/5894620896?utm_medium=api&utm_source=d4b34863," Description Innovexis is seeking a Data Analyst Intern to join our team in Bengaluru, working remotely on a full internship basis. This is an excellent opportunity for aspiring data professionals to gain hands-on experience in the Information Technology industry while contributing to real-world data projects. As a Data Analyst Intern at Innovexis, you will work closely with our analytics and engineering teams to collect, clean, and interpret data that supports informed business decisions. You w…",,
5834753332,Data Analyst Intern , Portcast , India,Internship,Engineering Jobs , Not specified,2026-08-09,Not specified, https://www.adzuna.in/details/5834753332?utm_medium=api&utm_source=d4b34863," Portcast is a venture-backed, Singapore-based logistics technology startup building a real-time transportation visibility platform for global supply chains. We help shippers, manufacturers, and logistics service providers turn data into decisions and decisions into measurable business impact. Our platform goes beyond visibility. Portcast enables action at scale by surfacing the right risks early, helping teams prevent detention and demurrage, accelerate exception management, and close invoices …",,
5859124162,Data Analyst - Intern , Claight Corporation Expert Market Research ," Noida, Ghaziabad",Internship,IT Jobs , Not specified,2026-08-28,Not specified, https://www.adzuna.in/details/5859124162?utm_medium=api&utm_source=d4b34863," Perform basic data analysis, clean datasets assist with reporting, support the analytics team with data-driven insights. Data Collection and Cleaning: Gather data from various sources including surveys, databases, and other market research tools Data Analysis and Interpretation: Analyse quantitative and qualitative data to identify trends, patterns, and insights Assist in developing dashboards, visualisations, and reports to present findings effectively Market Insights Support: Collaborate with…",,
5805535278,Data Analyst Internship in Pune , MAXGEN TECHNOLOGIES PRIVATE LIMITED , India,Internship,IT Jobs , Not specified,2026-07-18,Not specified, https://www.adzuna.in/details/5805535278?utm_medium=api&utm_source=d4b34863, Maxgen Technologies Pvt ltd offers live project internships in Pune Freshers and Students will getdata Analyst Internshipwith machine learning program Fresher career program hybrid internship placement without bond practical project internships flexible working hours call us hidden mobile visit us www maxgentechnologies com,,
5850339738,Data Analyst Internship in Ahmedabad , MAXGEN TECHNOLOGIES PRIVATE LIMITED , India,Internship,IT Jobs , Not specified,2026-08-21,Not specified, https://www.adzuna.in/details/5850339738?utm_medium=api&utm_source=d4b34863, Maxgen Technologies Pvt ltd offers live project internships inahmedabad Freshers and Students will getdata analyst internshipwith machine learning program Fresher career program hybrid internship placement without bond practical project internships flexible working hours call us hidden mobile visit us www maxgentechnologies com Address Abhijeet 3 603 Netaji Rd near Pantaloons Mithakhali Ellisbridge Ahmedabad,,
5831364894,Data Analyst Internship in Pune , MAXGEN TECHNOLOGIES PRIVATE LIMITED , India,Internship,Engineering Jobs , Not specified,2026-08-07,Not specified, https://www.adzuna.in/details/5831364894?utm_medium=api&utm_source=d4b34863, Maxgen Technologies Pvt ltd offers live project internships inPune Candidate will get Machine leanring internship and Ai program with job placement why interns choosing us hybrid internship longterm and shortterm program placement without bond practical project during internship skilled staff and management call us hidden mobile visit us www maxgentechnologies com,,
5854850712,Data Analyst Internship in Ahmedabad , MAXGEN TECHNOLOGIES PRIVATE LIMITED , India,Internship,Engineering Jobs , Not specified,2026-08-25,Not specified, https://www.adzuna.in/details/5854850712?utm_medium=api&utm_source=d4b34863, Maxgen Technologies Pvt ltd offers live project internships in ahmedabad Candidate will get data anlayst internship and Ai program with job placement why choosing us hybrid internship longterm and shortterm program placement without bond practical project during internship skilled staff and management call us hidden mobile visit us www maxgentechnologies com address Abhijeet 3 603 Netaji Rd near Pantaloons Mithakhali Ellisbridge Ahmedabad,,
5875067962,Data Analyst Internship in Ahmedabad , MAXGEN TECHNOLOGIES PRIVATE LIMITED , India,Internship,Engineering Jobs , Not specified,2026-09-08,Not specified, https://www.adzuna.in/details/5875067962?utm_medium=api&utm_source=d4b34863, Maxgen Technologies Pvt ltd located in pune We are offering indata analyst internshipand data analytics program to It and Engineering fresher candidates why we are important interns friendly environment professional and experience staff good work culture job placement in top mnc visit us at www maxgentechnologies com call us hidden mobile address Abhijeet 3 603 Netaji Rd near Pantaloons Mithakhali Ellisbridge Ahmedabad,,
5527692918,Data Analyst – Intern/Fresher/Experienced , Gururo ," Vadodara, Gujarat",Internship,IT Jobs , Not specified,2025-12-04,Not specified, https://www.adzuna.in/details/5527692918?utm_medium=api&utm_source=d4b34863," Location : Vadodara Type : Full-time / Internship Duration (for interns) : Minimum 3 months Stipend/CTC : Based on experience and role About Gururo Gururo is a global leader in practical, career-transforming education. With a mission to equip professionals and students with real-world skills, we specialize in project management, leadership, business analytics, and emerging technologies. Join our dynamic, impact-driven team to work on data-centric products that empower decision-making and transf…",,
5879541006,Data Analyst Intern (Finance) - January to May 2027 , Coinhako , India,Internship,Accounting & Finance Jobs , Not specified,2026-09-11,Not specified, https://www.adzuna.in/details/5879541006?utm_medium=api&utm_source=d4b34863," About the Role We're looking for a Data Analyst Intern to work with our data team on the numbers Finance relies on. Every financial report, reconciliation and month-end figure at Coinhako depends on data being right. You'll work on the analysis and checks behind those numbers — reconciling figures against independent sources, investigating why two reports disagree, and turning checks that someone currently does by hand into something that runs on its own. This is real work on production data, s…",,
1227100059,Data Analyst / Data Scientist | Internship | Tech-Savvy| , Anaxee Technologies ," Indore, Madhya Pradesh",Internship,IT Jobs ,100000,2019-08-05,Not specified, https://www.adzuna.in/details/1227100059?utm_medium=api&utm_source=d4b34863," Job role: As a data analyst, you will be responsible for compiling actionable insights from data and assisting program, sales and marketing managers build data-driven processes. Your role will involve driving initiatives to optimize for operational excellence and revenue. Job Location : Indore | Full-Time Internship | Stipend - Performance Based | About the company : Anaxee Digital Runners is building India's largest last-mile verification & data collection network of Digital Runners (shared fe…",,
5856164948,Data Science Ml Internship , MAXGEN TECHNOLOGIES PRIVATE LIMITED , India,Internship,IT Jobs , Not specified,2026-08-26,Not specified, https://www.adzuna.in/details/5856164948?utm_medium=api&utm_source=d4b34863, Maxgen Technologies Pvt ltd located in pune We are offering in data analyst internship and data Science program to It and Engineering fresher candidates why we are important interns friendly environment professional and experience staff good work culture job placement in top mnc visit us at www maxgentechnologies com call us hidden mobile address 601 Konark icon magarpatta pune,,
5856165536,Machine learning Internship in Ahmedabad , MAXGEN TECHNOLOGIES PRIVATE LIMITED , India,Internship,IT Jobs , Not specified,2026-08-26,Not specified, https://www.adzuna.in/details/5856165536?utm_medium=api&utm_source=d4b34863, Maxgen Technologies Pvt ltd located in Ahmedabad We are offering in data analyst internship and data Science program to It and Engineering fresher candidates why we are important interns friendly environment professional and experience staff good work culture job placement in top mnc visit us at www maxgentechnologies com call us hidden mobile Address 603 Abhijeet 3 near law garden Ahmedabad,,
5863654715,Intern - Data Analyst , CanKids KidsCan ," Gulmohar Park, South Delhi",Internship,Admin Jobs ,20000,2026-09-01,Not specified, https://www.adzuna.in/details/5863654715?utm_medium=api&utm_source=d4b34863," Intern Data Analyst (6-Month Term) Summary We are seeking a detail-oriented Intern Data Analyst to join our team for a six-month engagement focused on optimizing our fundraising and donor management operations. This role is pivotal in transforming raw data into actionable intelligence, ensuring the integrity of our donor databases, and providing strategic insights that drive campaign success. The ideal candidate will support the organization by maintaining robust reporting systems, conducting c…",,
5720744939,Intern , Gururo , India,Internship,IT Jobs , Not specified,2026-05-07,Not specified, https://www.adzuna.in/details/5720744939?utm_medium=api&utm_source=d4b34863, Job Title: Intern (Multiple Roles) Company: Gururo Department: Multiple Departments Location: Work from Office / Hybrid / Remote Job Type: Internship (Full-Time / Part-Time) Duration: 1–6 Months (Flexible) Experience Required: 0–1 Year (Freshers & Students Welcome) Compensation: Unpaid (For college-required internships) We are offering multiple internship roles across departments. Interns can choose based on their interests and skill sets. Digital Marketing Intern (Creative & SEO Focus) Social …,,
5808699074,Data Analyst Growth and Strategy Performance Marketing Internship in , Confluencr Global Influencer Marketing Agency ," Bangalore, Karnataka",Internship,"PR, Advertising & Marketing Jobs ", Not specified,2026-07-21,Not specified, https://www.adzuna.in/details/5808699074?utm_medium=api&utm_source=d4b34863, We are looking for a curious analytical and techsavvy Data Analyst Intern to join our Growth Strategy team You will work closely with the Performance Marketing Strategy and Business teams to transform data into actionable insights that drive customer acquisition campaign optimization and business growth Selected Interns Daytoday Responsibilities Include Analyze campaign performance data from Meta Ads Google Ads GA4 and other marketing platforms Build and maintain dashboards to track key busines…,,
5503837634,Machine Learning Intern , Optimspace ," Pune, Maharashtra",Internship,IT Jobs , Not specified,2025-11-20,Not specified, https://www.adzuna.in/details/5503837634?utm_medium=api&utm_source=d4b34863," Machine Learning Intern Company: Optimspace.in Location: Remote Duration: 3 months Opportunity: Full-time based on performance, with Certificate of Internship About Optimspace.in Optimspace.in provides students and graduates with hands-on learning opportunities and career growth in Machine Learning and Data Science. Role Overview As a Machine Learning Intern, you will work on real-world projects, enhancing your practical skills in data analysis and model development. Responsibilities ✅ Design, …",,
5503837644,Data Analyst Intern , Optimspace ," Pune, Maharashtra",Internship,IT Jobs , Not specified,2025-11-20,Not specified, https://www.adzuna.in/details/5503837644?utm_medium=api&utm_source=d4b34863," Job Title: Data Analyst Intern Company: Optimspace.in Location: Remote Duration: 3 months Opportunity: Full-time based on performance, with a Certificate of Internship Optimspace.in Optimspace.in offers practical experience for students and graduates in data analysis to enhance career prospects and provide hands-on learning opportunities in a real-world environment. Responsibilities Collect, clean, and analyze datasets. Develop reports and data visualizations. Identify trends and patterns in da…",,
5894620896,Data Analyst Intern , Innovexis ," Bangalore, Karnataka",Internship,IT Jobs , Not specified,2026-09-23,Not specified, https://www.adzuna.in/details/5894620896?utm_medium=api&utm_source=d4b34863," Description Innovexis is seeking a Data Analyst Intern to join our team in Bengaluru, working remotely on a full internship basis. This is an excellent opportunity for aspiring data professionals to gain hands-on experience in the Information Technology industry while contributing to real-world data projects. As a Data Analyst Intern at Innovexis, you will work closely with our analytics and engineering teams to collect, clean, and interpret data that supports informed business decisions. You w…",,
5834753332,Data Analyst Intern , Portcast , India,Internship,Engineering Jobs , Not specified,2026-08-09,Not specified, https://www.adzuna.in/details/5834753332?utm_medium=api&utm_source=d4b34863," Portcast is a venture-backed, Singapore-based logistics technology startup building a real-time transportation visibility platform for global supply chains. We help shippers, manufacturers, and logistics service providers turn data into decisions and decisions into measurable business impact. Our platform goes beyond visibility. Portcast enables action at scale by surfacing the right risks early, helping teams prevent detention and demurrage, accelerate exception management, and close invoices …",,
5859124162,Data Analyst - Intern , Claight Corporation Expert Market Research ," Noida, Ghaziabad",Internship,IT Jobs , Not specified,2026-08-28,Not specified, https://www.adzuna.in/details/5859124162?utm_medium=api&utm_source=d4b34863," Perform basic data analysis, clean datasets assist with reporting, support the analytics team with data-driven insights. Data Collection and Cleaning: Gather data from various sources including surveys, databases, and other market research tools Data Analysis and Interpretation: Analyse quantitative and qualitative data to identify trends, patterns, and insights Assist in developing dashboards, visualisations, and reports to present findings effectively Market Insights Support: Collaborate with…",,
5805535278,Data Analyst Internship in Pune , MAXGEN TECHNOLOGIES PRIVATE LIMITED , India,Internship,IT Jobs , Not specified,2026-07-18,Not specified, https://www.adzuna.in/details/5805535278?utm_medium=api&utm_source=d4b34863, Maxgen Technologies Pvt ltd offers live project internships in Pune Freshers and Students will getdata Analyst Internshipwith machine learning program Fresher career program hybrid internship placement without bond practical project internships flexible working hours call us hidden mobile visit us www maxgentechnologies com,,
5850339738,Data Analyst Internship in Ahmedabad , MAXGEN TECHNOLOGIES PRIVATE LIMITED , India,Internship,IT Jobs , Not specified,2026-08-21,Not specified, https://www.adzuna.in/details/5850339738?utm_medium=api&utm_source=d4b34863, Maxgen Technologies Pvt ltd offers live project internships inahmedabad Freshers and Students will getdata analyst internshipwith machine learning program Fresher career program hybrid internship placement without bond practical project internships flexible working hours call us hidden mobile visit us www maxgentechnologies com Address Abhijeet 3 603 Netaji Rd near Pantaloons Mithakhali Ellisbridge Ahmedabad,,
5831364894,Data Analyst Internship in Pune , MAXGEN TECHNOLOGIES PRIVATE LIMITED , India,Internship,Engineering Jobs , Not specified,2026-08-07,Not specified, https://www.adzuna.in/details/5831364894?utm_medium=api&utm_source=d4b34863, Maxgen Technologies Pvt ltd offers live project internships inPune Candidate will get Machine leanring internship and Ai program with job placement why interns choosing us hybrid internship longterm and shortterm program placement without bond practical project during internship skilled staff and management call us hidden mobile visit us www maxgentechnologies com,,
5854850712,Data Analyst Internship in Ahmedabad , MAXGEN TECHNOLOGIES PRIVATE LIMITED , India,Internship,Engineering Jobs , Not specified,2026-08-25,Not specified, https://www.adzuna.in/details/5854850712?utm_medium=api&utm_source=d4b34863, Maxgen Technologies Pvt ltd offers live project internships in ahmedabad Candidate will get data anlayst internship and Ai program with job placement why choosing us hybrid internship longterm and shortterm program placement without bond practical project during internship skilled staff and management call us hidden mobile visit us www maxgentechnologies com address Abhijeet 3 603 Netaji Rd near Pantaloons Mithakhali Ellisbridge Ahmedabad,,
5875067962,Data Analyst Internship in Ahmedabad , MAXGEN TECHNOLOGIES PRIVATE LIMITED , India,Internship,Engineering Jobs , Not specified,2026-09-08,Not specified, https://www.adzuna.in/details/5875067962?utm_medium=api&utm_source=d4b34863, Maxgen Technologies Pvt ltd located in pune We are offering indata analyst internshipand data analytics program to It and Engineering fresher candidates why we are important interns friendly environment professional and experience staff good work culture job placement in top mnc visit us at www maxgentechnologies com call us hidden mobile address Abhijeet 3 603 Netaji Rd near Pantaloons Mithakhali Ellisbridge Ahmedabad,,
5527692918,Data Analyst – Intern/Fresher/Experienced , Gururo ," Vadodara, Gujarat",Internship,IT Jobs , Not specified,2025-12-04,Not specified, https://www.adzuna.in/details/5527692918?utm_medium=api&utm_source=d4b34863," Location : Vadodara Type : Full-time / Internship Duration (for interns) : Minimum 3 months Stipend/CTC : Based on experience and role About Gururo Gururo is a global leader in practical, career-transforming education. With a mission to equip professionals and students with real-world skills, we specialize in project management, leadership, business analytics, and emerging technologies. Join our dynamic, impact-driven team to work on data-centric products that empower decision-making and transf…",,
5898167951,"Financial Data Analyst Intern, Technical Operations ", Stripe , India,Internship,IT Jobs , Not specified,2026-09-25,Not specified, https://www.adzuna.in/details/5898167951?utm_medium=api&utm_source=d4b34863," Who we are About Stripe Stripe is a technology company focused on improving the conditions for economic growth and prosperity. We build programmable financial infrastructure, rethinking from first principles how financial services should work, to make it easier and cheaper for any business to start and scale. More than 10 million businesses build on Stripe, spanning the economic frontier—from solo founders to established enterprises—united by a practical focus on growth. The most ambitious comp…",,
5879541006,Data Analyst Intern (Finance) - January to May 2027 , Coinhako , India,Internship,Accounting & Finance Jobs , Not specified,2026-09-11,Not specified, https://www.adzuna.in/details/5879541006?utm_medium=api&utm_source=d4b34863," About the Role We're looking for a Data Analyst Intern to work with our data team on the numbers Finance relies on. Every financial report, reconciliation and month-end figure at Coinhako depends on data being right. You'll work on the analysis and checks behind those numbers — reconciling figures against independent sources, investigating why two reports disagree, and turning checks that someone currently does by hand into something that runs on its own. This is real work on production data, s…",,
1227100059,Data Analyst / Data Scientist | Internship | Tech-Savvy| , Anaxee Technologies ," Indore, Madhya Pradesh",Internship,IT Jobs ,100000,2019-08-05,Not specified, https://www.adzuna.in/details/1227100059?utm_medium=api&utm_source=d4b34863," Job role: As a data analyst, you will be responsible for compiling actionable insights from data and assisting program, sales and marketing managers build data-driven processes. Your role will involve driving initiatives to optimize for operational excellence and revenue. Job Location : Indore | Full-Time Internship | Stipend - Performance Based | About the company : Anaxee Digital Runners is building India's largest last-mile verification & data collection network of Digital Runners (shared fe…",,
5856164948,Data Science Ml Internship , MAXGEN TECHNOLOGIES PRIVATE LIMITED , India,Internship,IT Jobs , Not specified,2026-08-26,Not specified, https://www.adzuna.in/details/5856164948?utm_medium=api&utm_source=d4b34863, Maxgen Technologies Pvt ltd located in pune We are offering in data analyst internship and data Science program to It and Engineering fresher candidates why we are important interns friendly environment professional and experience staff good work culture job placement in top mnc visit us at www maxgentechnologies com call us hidden mobile address 601 Konark icon magarpatta pune,,
5856165536,Machine learning Internship in Ahmedabad , MAXGEN TECHNOLOGIES PRIVATE LIMITED , India,Internship,IT Jobs , Not specified,2026-08-26,Not specified, https://www.adzuna.in/details/5856165536?utm_medium=api&utm_source=d4b34863, Maxgen Technologies Pvt ltd located in Ahmedabad We are offering in data analyst internship and data Science program to It and Engineering fresher candidates why we are important interns friendly environment professional and experience staff good work culture job placement in top mnc visit us at www maxgentechnologies com call us hidden mobile Address 603 Abhijeet 3 near law garden Ahmedabad,,
5863654715,Intern - Data Analyst , CanKids KidsCan ," Gulmohar Park, South Delhi",Internship,Admin Jobs ,20000,2026-09-01,Not specified, https://www.adzuna.in/details/5863654715?utm_medium=api&utm_source=d4b34863," Intern Data Analyst (6-Month Term) Summary We are seeking a detail-oriented Intern Data Analyst to join our team for a six-month engagement focused on optimizing our fundraising and donor management operations. This role is pivotal in transforming raw data into actionable intelligence, ensuring the integrity of our donor databases, and providing strategic insights that drive campaign success. The ideal candidate will support the organization by maintaining robust reporting systems, conducting c…",,
5720744939,Intern , Gururo , India,Internship,IT Jobs , Not specified,2026-05-07,Not specified, https://www.adzuna.in/details/5720744939?utm_medium=api&utm_source=d4b34863, Job Title: Intern (Multiple Roles) Company: Gururo Department: Multiple Departments Location: Work from Office / Hybrid / Remote Job Type: Internship (Full-Time / Part-Time) Duration: 1–6 Months (Flexible) Experience Required: 0–1 Year (Freshers & Students Welcome) Compensation: Unpaid (For college-required internships) We are offering multiple internship roles across departments. Interns can choose based on their interests and skill sets. Digital Marketing Intern (Creative & SEO Focus) Social …,,
5808699074,Data Analyst Growth and Strategy Performance Marketing Internship in , Confluencr Global Influencer Marketing Agency ," Bangalore, Karnataka",Internship,"PR, Advertising & Marketing Jobs ", Not specified,2026-07-21,Not specified, https://www.adzuna.in/details/5808699074?utm_medium=api&utm_source=d4b34863, We are looking for a curious analytical and techsavvy Data Analyst Intern to join our Growth Strategy team You will work closely with the Performance Marketing Strategy and Business teams to transform data into actionable insights that drive customer acquisition campaign optimization and business growth Selected Interns Daytoday Responsibilities Include Analyze campaign performance data from Meta Ads Google Ads GA4 and other marketing platforms Build and maintain dashboards to track key busines…,,
5503837644,Data Analyst Intern , Optimspace ," Pune, Maharashtra",Internship,IT Jobs , Not specified,2025-11-20,Not specified, https://www.adzuna.in/details/5503837644?utm_medium=api&utm_source=d4b34863," Job Title: Data Analyst Intern Company: Optimspace.in Location: Remote Duration: 3 months Opportunity: Full-time based on performance, with a Certificate of Internship Optimspace.in Optimspace.in offers practical experience for students and graduates in data analysis to enhance career prospects and provide hands-on learning opportunities in a real-world environment. Responsibilities Collect, clean, and analyze datasets. Develop reports and data visualizations. Identify trends and patterns in da…",311,Older
5894620896,Data Analyst Intern , Innovexis ," Bangalore, Karnataka",Internship,IT Jobs , Not specified,2026-09-23,Not specified, https://www.adzuna.in/details/5894620896?utm_medium=api&utm_source=d4b34863," Description Innovexis is seeking a Data Analyst Intern to join our team in Bengaluru, working remotely on a full internship basis. This is an excellent opportunity for aspiring data professionals to gain hands-on experience in the Information Technology industry while contributing to real-world data projects. As a Data Analyst Intern at Innovexis, you will work closely with our analytics and engineering teams to collect, clean, and interpret data that supports informed business decisions. You w…",4,Older
5834753332,Data Analyst Intern , Portcast , India,Internship,Engineering Jobs , Not specified,2026-08-09,Not specified, https://www.adzuna.in/details/5834753332?utm_medium=api&utm_source=d4b34863," Portcast is a venture-backed, Singapore-based logistics technology startup building a real-time transportation visibility platform for global supply chains. We help shippers, manufacturers, and logistics service providers turn data into decisions and decisions into measurable business impact. Our platform goes beyond visibility. Portcast enables action at scale by surfacing the right risks early, helping teams prevent detention and demurrage, accelerate exception management, and close invoices …",49,Older
5859124162,Data Analyst - Intern , Claight Corporation Expert Market Research ," Noida, Ghaziabad",Internship,IT Jobs , Not specified,2026-08-28,Not specified, https://www.adzuna.in/details/5859124162?utm_medium=api&utm_source=d4b34863," Perform basic data analysis, clean datasets assist with reporting, support the analytics team with data-driven insights. Data Collection and Cleaning: Gather data from various sources including surveys, databases, and other market research tools Data Analysis and Interpretation: Analyse quantitative and qualitative data to identify trends, patterns, and insights Assist in developing dashboards, visualisations, and reports to present findings effectively Market Insights Support: Collaborate with…",30,Older
5805535278,Data Analyst Internship in Pune , MAXGEN TECHNOLOGIES PRIVATE LIMITED , India,Internship,IT Jobs , Not specified,2026-07-18,Not specified, https://www.adzuna.in/details/5805535278?utm_medium=api&utm_source=d4b34863, Maxgen Technologies Pvt ltd offers live project internships in Pune Freshers and Students will getdata Analyst Internshipwith machine learning program Fresher career program hybrid internship placement without bond practical project internships flexible working hours call us hidden mobile visit us www maxgentechnologies com,71,Older
5850339738,Data Analyst Internship in Ahmedabad , MAXGEN TECHNOLOGIES PRIVATE LIMITED , India,Internship,IT Jobs , Not specified,2026-08-21,Not specified, https://www.adzuna.in/details/5850339738?utm_medium=api&utm_source=d4b34863, Maxgen Technologies Pvt ltd offers live project internships inahmedabad Freshers and Students will getdata analyst internshipwith machine learning program Fresher career program hybrid internship placement without bond practical project internships flexible working hours call us hidden mobile visit us www maxgentechnologies com Address Abhijeet 3 603 Netaji Rd near Pantaloons Mithakhali Ellisbridge Ahmedabad,37,Older
5831364894,Data Analyst Internship in Pune , MAXGEN TECHNOLOGIES PRIVATE LIMITED , India,Internship,Engineering Jobs , Not specified,2026-08-07,Not specified, https://www.adzuna.in/details/5831364894?utm_medium=api&utm_source=d4b34863, Maxgen Technologies Pvt ltd offers live project internships inPune Candidate will get Machine leanring internship and Ai program with job placement why interns choosing us hybrid internship longterm and shortterm program placement without bond practical project during internship skilled staff and management call us hidden mobile visit us www maxgentechnologies com,51,Older
5854850712,Data Analyst Internship in Ahmedabad , MAXGEN TECHNOLOGIES PRIVATE LIMITED , India,Internship,Engineering Jobs , Not specified,2026-08-25,Not specified, https://www.adzuna.in/details/5854850712?utm_medium=api&utm_source=d4b34863, Maxgen Technologies Pvt ltd offers live project internships in ahmedabad Candidate will get data anlayst internship and Ai program with job placement why choosing us hybrid internship longterm and shortterm program placement without bond practical project during internship skilled staff and management call us hidden mobile visit us www maxgentechnologies com address Abhijeet 3 603 Netaji Rd near Pantaloons Mithakhali Ellisbridge Ahmedabad,33,Older
5875067962,Data Analyst Internship in Ahmedabad , MAXGEN TECHNOLOGIES PRIVATE LIMITED , India,Internship,Engineering Jobs , Not specified,2026-09-08,Not specified, https://www.adzuna.in/details/5875067962?utm_medium=api&utm_source=d4b34863, Maxgen Technologies Pvt ltd located in pune We are offering indata analyst internshipand data analytics program to It and Engineering fresher candidates why we are important interns friendly environment professional and experience staff good work culture job placement in top mnc visit us at www maxgentechnologies com call us hidden mobile address Abhijeet 3 603 Netaji Rd near Pantaloons Mithakhali Ellisbridge Ahmedabad,19,Older
5527692918,Data Analyst – Intern/Fresher/Experienced , Gururo ," Vadodara, Gujarat",Internship,IT Jobs , Not specified,2025-12-04,Not specified, https://www.adzuna.in/details/5527692918?utm_medium=api&utm_source=d4b34863," Location : Vadodara Type : Full-time / Internship Duration (for interns) : Minimum 3 months Stipend/CTC : Based on experience and role About Gururo Gururo is a global leader in practical, career-transforming education. With a mission to equip professionals and students with real-world skills, we specialize in project management, leadership, business analytics, and emerging technologies. Join our dynamic, impact-driven team to work on data-centric products that empower decision-making and transf…",297,Older
5898167951,"Financial Data Analyst Intern, Technical Operations ", Stripe , India,Internship,IT Jobs , Not specified,2026-09-25,Not specified, https://www.adzuna.in/details/5898167951?utm_medium=api&utm_source=d4b34863," Who we are About Stripe Stripe is a technology company focused on improving the conditions for economic growth and prosperity. We build programmable financial infrastructure, rethinking from first principles how financial services should work, to make it easier and cheaper for any business to start and scale. More than 10 million businesses build on Stripe, spanning the economic frontier—from solo founders to established enterprises—united by a practical focus on growth. The most ambitious comp…",2,Recent
5879541006,Data Analyst Intern (Finance) - January to May 2027 , Coinhako , India,Internship,Accounting & Finance Jobs , Not specified,2026-09-11,Not specified, https://www.adzuna.in/details/5879541006?utm_medium=api&utm_source=d4b34863," About the Role We're looking for a Data Analyst Intern to work with our data team on the numbers Finance relies on. Every financial report, reconciliation and month-end figure at Coinhako depends on data being right. You'll work on the analysis and checks behind those numbers — reconciling figures against independent sources, investigating why two reports disagree, and turning checks that someone currently does by hand into something that runs on its own. This is real work on production data, s…",16,Older
1227100059,Data Analyst / Data Scientist | Internship | Tech-Savvy| , Anaxee Technologies ," Indore, Madhya Pradesh",Internship,IT Jobs ,100000,2019-08-05,Not specified, https://www.adzuna.in/details/1227100059?utm_medium=api&utm_source=d4b34863," Job role: As a data analyst, you will be responsible for compiling actionable insights from data and assisting program, sales and marketing managers build data-driven processes. Your role will involve driving initiatives to optimize for operational excellence and revenue. Job Location : Indore | Full-Time Internship | Stipend - Performance Based | About the company : Anaxee Digital Runners is building India's largest last-mile verification & data collection network of Digital Runners (shared fe…",2610,Older
5856164948,Data Science Ml Internship , MAXGEN TECHNOLOGIES PRIVATE LIMITED , India,Internship,IT Jobs , Not specified,2026-08-26,Not specified, https://www.adzuna.in/details/5856164948?utm_medium=api&utm_source=d4b34863, Maxgen Technologies Pvt ltd located in pune We are offering in data analyst internship and data Science program to It and Engineering fresher candidates why we are important interns friendly environment professional and experience staff good work culture job placement in top mnc visit us at www maxgentechnologies com call us hidden mobile address 601 Konark icon magarpatta pune,32,Older
5856165536,Machine learning Internship in Ahmedabad , MAXGEN TECHNOLOGIES PRIVATE LIMITED , India,Internship,IT Jobs , Not specified,2026-08-26,Not specified, https://www.adzuna.in/details/5856165536?utm_medium=api&utm_source=d4b34863, Maxgen Technologies Pvt ltd located in Ahmedabad We are offering in data analyst internship and data Science program to It and Engineering fresher candidates why we are important interns friendly environment professional and experience staff good work culture job placement in top mnc visit us at www maxgentechnologies com call us hidden mobile Address 603 Abhijeet 3 near law garden Ahmedabad,32,Older
5863654715,Intern - Data Analyst , CanKids KidsCan ," Gulmohar Park, South Delhi",Internship,Admin Jobs ,20000,2026-09-01,Not specified, https://www.adzuna.in/details/5863654715?utm_medium=api&utm_source=d4b34863," Intern Data Analyst (6-Month Term) Summary We are seeking a detail-oriented Intern Data Analyst to join our team for a six-month engagement focused on optimizing our fundraising and donor management operations. This role is pivotal in transforming raw data into actionable intelligence, ensuring the integrity of our donor databases, and providing strategic insights that drive campaign success. The ideal candidate will support the organization by maintaining robust reporting systems, conducting c…",26,Older
5720744939,Intern , Gururo , India,Internship,IT Jobs , Not specified,2026-05-07,Not specified, https://www.adzuna.in/details/5720744939?utm_medium=api&utm_source=d4b34863, Job Title: Intern (Multiple Roles) Company: Gururo Department: Multiple Departments Location: Work from Office / Hybrid / Remote Job Type: Internship (Full-Time / Part-Time) Duration: 1–6 Months (Flexible) Experience Required: 0–1 Year (Freshers & Students Welcome) Compensation: Unpaid (For college-required internships) We are offering multiple internship roles across departments. Interns can choose based on their interests and skill sets. Digital Marketing Intern (Creative & SEO Focus) Social …,143,Older
5808699074,Data Analyst Growth and Strategy Performance Marketing Internship in , Confluencr Global Influencer Marketing Agency ," Bangalore, Karnataka",Internship,"PR, Advertising & Marketing Jobs ", Not specified,2026-07-21,Not specified, https://www.adzuna.in/details/5808699074?utm_medium=api&utm_source=d4b34863, We are looking for a curious analytical and techsavvy Data Analyst Intern to join our Growth Strategy team You will work closely with the Performance Marketing Strategy and Business teams to transform data into actionable insights that drive customer acquisition campaign optimization and business growth Selected Interns Daytoday Responsibilities Include Analyze campaign performance data from Meta Ads Google Ads GA4 and other marketing platforms Build and maintain dashboards to track key busines…,68,Older
5503837644,Data Analyst Intern , Optimspace ," Pune, Maharashtra",Internship,IT Jobs , Not specified,2025-11-20,Not specified, https://www.adzuna.in/details/5503837644?utm_medium=api&utm_source=d4b34863," Job Title: Data Analyst Intern Company: Optimspace.in Location: Remote Duration: 3 months Opportunity: Full-time based on performance, with a Certificate of Internship Optimspace.in Optimspace.in offers practical experience for students and graduates in data analysis to enhance career prospects and provide hands-on learning opportunities in a real-world environment. Responsibilities Collect, clean, and analyze datasets. Develop reports and data visualizations. Identify trends and patterns in da…",311,Older
5894620896,Data Analyst Intern , Innovexis ," Bangalore, Karnataka",Internship,IT Jobs , Not specified,2026-09-23,Not specified, https://www.adzuna.in/details/5894620896?utm_medium=api&utm_source=d4b34863," Description Innovexis is seeking a Data Analyst Intern to join our team in Bengaluru, working remotely on a full internship basis. This is an excellent opportunity for aspiring data professionals to gain hands-on experience in the Information Technology industry while contributing to real-world data projects. As a Data Analyst Intern at Innovexis, you will work closely with our analytics and engineering teams to collect, clean, and interpret data that supports informed business decisions. You w…",4,Older
5834753332,Data Analyst Intern , Portcast , India,Internship,Engineering Jobs , Not specified,2026-08-09,Not specified, https://www.adzuna.in/details/5834753332?utm_medium=api&utm_source=d4b34863," Portcast is a venture-backed, Singapore-based logistics technology startup building a real-time transportation visibility platform for global supply chains. We help shippers, manufacturers, and logistics service providers turn data into decisions and decisions into measurable business impact. Our platform goes beyond visibility. Portcast enables action at scale by surfacing the right risks early, helping teams prevent detention and demurrage, accelerate exception management, and close invoices …",49,Older
5859124162,Data Analyst - Intern , Claight Corporation Expert Market Research ," Noida, Ghaziabad",Internship,IT Jobs , Not specified,2026-08-28,Not specified, https://www.adzuna.in/details/5859124162?utm_medium=api&utm_source=d4b34863," Perform basic data analysis, clean datasets assist with reporting, support the analytics team with data-driven insights. Data Collection and Cleaning: Gather data from various sources including surveys, databases, and other market research tools Data Analysis and Interpretation: Analyse quantitative and qualitative data to identify trends, patterns, and insights Assist in developing dashboards, visualisations, and reports to present findings effectively Market Insights Support: Collaborate with…",30,Older
5805535278,Data Analyst Internship in Pune , MAXGEN TECHNOLOGIES PRIVATE LIMITED , India,Internship,IT Jobs , Not specified,2026-07-18,Not specified, https://www.adzuna.in/details/5805535278?utm_medium=api&utm_source=d4b34863, Maxgen Technologies Pvt ltd offers live project internships in Pune Freshers and Students will getdata Analyst Internshipwith machine learning program Fresher career program hybrid internship placement without bond practical project internships flexible working hours call us hidden mobile visit us www maxgentechnologies com,71,Older
5850339738,Data Analyst Internship in Ahmedabad , MAXGEN TECHNOLOGIES PRIVATE LIMITED , India,Internship,IT Jobs , Not specified,2026-08-21,Not specified, https://www.adzuna.in/details/5850339738?utm_medium=api&utm_source=d4b34863, Maxgen Technologies Pvt ltd offers live project internships inahmedabad Freshers and Students will getdata analyst internshipwith machine learning program Fresher career program hybrid internship placement without bond practical project internships flexible working hours call us hidden mobile visit us www maxgentechnologies com Address Abhijeet 3 603 Netaji Rd near Pantaloons Mithakhali Ellisbridge Ahmedabad,37,Older
5831364894,Data Analyst Internship in Pune , MAXGEN TECHNOLOGIES PRIVATE LIMITED , India,Internship,Engineering Jobs , Not specified,2026-08-07,Not specified, https://www.adzuna.in/details/5831364894?utm_medium=api&utm_source=d4b34863, Maxgen Technologies Pvt ltd offers live project internships inPune Candidate will get Machine leanring internship and Ai program with job placement why interns choosing us hybrid internship longterm and shortterm program placement without bond practical project during internship skilled staff and management call us hidden mobile visit us www maxgentechnologies com,51,Older
5854850712,Data Analyst Internship in Ahmedabad , MAXGEN TECHNOLOGIES PRIVATE LIMITED , India,Internship,Engineering Jobs , Not specified,2026-08-25,Not specified, https://www.adzuna.in/details/5854850712?utm_medium=api&utm_source=d4b34863, Maxgen Technologies Pvt ltd offers live project internships in ahmedabad Candidate will get data anlayst internship and Ai program with job placement why choosing us hybrid internship longterm and shortterm program placement without bond practical project during internship skilled staff and management call us hidden mobile visit us www maxgentechnologies com address Abhijeet 3 603 Netaji Rd near Pantaloons Mithakhali Ellisbridge Ahmedabad,33,Older
5875067962,Data Analyst Internship in Ahmedabad , MAXGEN TECHNOLOGIES PRIVATE LIMITED , India,Internship,Engineering Jobs , Not specified,2026-09-08,Not specified, https://www.adzuna.in/details/5875067962?utm_medium=api&utm_source=d4b34863, Maxgen Technologies Pvt ltd located in pune We are offering indata analyst internshipand data analytics program to It and Engineering fresher candidates why we are important interns friendly environment professional and experience staff good work culture job placement in top mnc visit us at www maxgentechnologies com call us hidden mobile address Abhijeet 3 603 Netaji Rd near Pantaloons Mithakhali Ellisbridge Ahmedabad,19,Older
5527692918,Data Analyst – Intern/Fresher/Experienced , Gururo ," Vadodara, Gujarat",Internship,IT Jobs , Not specified,2025-12-04,Not specified, https://www.adzuna.in/details/5527692918?utm_medium=api&utm_source=d4b34863," Location : Vadodara Type : Full-time / Internship Duration (for interns) : Minimum 3 months Stipend/CTC : Based on experience and role About Gururo Gururo is a global leader in practical, career-transforming education. With a mission to equip professionals and students with real-world skills, we specialize in project management, leadership, business analytics, and emerging technologies. Join our dynamic, impact-driven team to work on data-centric products that empower decision-making and transf…",297,Older
5898167951,"Financial Data Analyst Intern, Technical Operations ", Stripe , India,Internship,IT Jobs , Not specified,2026-09-25,Not specified, https://www.adzuna.in/details/5898167951?utm_medium=api&utm_source=d4b34863," Who we are About Stripe Stripe is a technology company focused on improving the conditions for economic growth and prosperity. We build programmable financial infrastructure, rethinking from first principles how financial services should work, to make it easier and cheaper for any business to start and scale. More than 10 million businesses build on Stripe, spanning the economic frontier—from solo founders to established enterprises—united by a practical focus on growth. The most ambitious comp…",2,Recent
5879541006,Data Analyst Intern (Finance) - January to May 2027 , Coinhako , India,Internship,Accounting & Finance Jobs , Not specified,2026-09-11,Not specified, https://www.adzuna.in/details/5879541006?utm_medium=api&utm_source=d4b34863," About the Role We're looking for a Data Analyst Intern to work with our data team on the numbers Finance relies on. Every financial report, reconciliation and month-end figure at Coinhako depends on data being right. You'll work on the analysis and checks behind those numbers — reconciling figures against independent sources, investigating why two reports disagree, and turning checks that someone currently does by hand into something that runs on its own. This is real work on production data, s…",16,Older
1227100059,Data Analyst / Data Scientist | Internship | Tech-Savvy| , Anaxee Technologies ," Indore, Madhya Pradesh",Internship,IT Jobs ,100000,2019-08-05,Not specified, https://www.adzuna.in/details/1227100059?utm_medium=api&utm_source=d4b34863," Job role: As a data analyst, you will be responsible for compiling actionable insights from data and assisting program, sales and marketing managers build data-driven processes. Your role will involve driving initiatives to optimize for operational excellence and revenue. Job Location : Indore | Full-Time Internship | Stipend - Performance Based | About the company : Anaxee Digital Runners is building India's largest last-mile verification & data collection network of Digital Runners (shared fe…",2610,Older
5856164948,Data Science Ml Internship , MAXGEN TECHNOLOGIES PRIVATE LIMITED , India,Internship,IT Jobs , Not specified,2026-08-26,Not specified, https://www.adzuna.in/details/5856164948?utm_medium=api&utm_source=d4b34863, Maxgen Technologies Pvt ltd located in pune We are offering in data analyst internship and data Science program to It and Engineering fresher candidates why we are important interns friendly environment professional and experience staff good work culture job placement in top mnc visit us at www maxgentechnologies com call us hidden mobile address 601 Konark icon magarpatta pune,32,Older
5856165536,Machine learning Internship in Ahmedabad , MAXGEN TECHNOLOGIES PRIVATE LIMITED , India,Internship,IT Jobs , Not specified,2026-08-26,Not specified, https://www.adzuna.in/details/5856165536?utm_medium=api&utm_source=d4b34863, Maxgen Technologies Pvt ltd located in Ahmedabad We are offering in data analyst internship and data Science program to It and Engineering fresher candidates why we are important interns friendly environment professional and experience staff good work culture job placement in top mnc visit us at www maxgentechnologies com call us hidden mobile Address 603 Abhijeet 3 near law garden Ahmedabad,32,Older
5863654715,Intern - Data Analyst , CanKids KidsCan ," Gulmohar Park, South Delhi",Internship,Admin Jobs ,20000,2026-09-01,Not specified, https://www.adzuna.in/details/5863654715?utm_medium=api&utm_source=d4b34863," Intern Data Analyst (6-Month Term) Summary We are seeking a detail-oriented Intern Data Analyst to join our team for a six-month engagement focused on optimizing our fundraising and donor management operations. This role is pivotal in transforming raw data into actionable intelligence, ensuring the integrity of our donor databases, and providing strategic insights that drive campaign success. The ideal candidate will support the organization by maintaining robust reporting systems, conducting c…",26,Older
5720744939,Intern , Gururo , India,Internship,IT Jobs , Not specified,2026-05-07,Not specified, https://www.adzuna.in/details/5720744939?utm_medium=api&utm_source=d4b34863, Job Title: Intern (Multiple Roles) Company: Gururo Department: Multiple Departments Location: Work from Office / Hybrid / Remote Job Type: Internship (Full-Time / Part-Time) Duration: 1–6 Months (Flexible) Experience Required: 0–1 Year (Freshers & Students Welcome) Compensation: Unpaid (For college-required internships) We are offering multiple internship roles across departments. Interns can choose based on their interests and skill sets. Digital Marketing Intern (Creative & SEO Focus) Social …,143,Older
5808699074,Data Analyst Growth and Strategy Performance Marketing Internship in , Confluencr Global Influencer Marketing Agency ," Bangalore, Karnataka",Internship,"PR, Advertising & Marketing Jobs ", Not specified,2026-07-21,Not specified, https://www.adzuna.in/details/5808699074?utm_medium=api&utm_source=d4b34863, We are looking for a curious analytical and techsavvy Data Analyst Intern to join our Growth Strategy team You will work closely with the Performance Marketing Strategy and Business teams to transform data into actionable insights that drive customer acquisition campaign optimization and business growth Selected Interns Daytoday Responsibilities Include Analyze campaign performance data from Meta Ads Google Ads GA4 and other marketing platforms Build and maintain dashboards to track key busines…,68,Older
5503837644,Data Analyst Intern , Optimspace ," Pune, Maharashtra",Internship,IT Jobs , Not specified,2025-11-20,"C, Data Analysis", https://www.adzuna.in/details/5503837644?utm_medium=api&utm_source=d4b34863," Job Title: Data Analyst Intern Company: Optimspace.in Location: Remote Duration: 3 months Opportunity: Full-time based on performance, with a Certificate of Internship Optimspace.in Optimspace.in offers practical experience for students and graduates in data analysis to enhance career prospects and provide hands-on learning opportunities in a real-world environment. Responsibilities Collect, clean, and analyze datasets. Develop reports and data visualizations. Identify trends and patterns in da…",311,Older
5894620896,Data Analyst Intern , Innovexis ," Bangalore, Karnataka",Internship,IT Jobs , Not specified,2026-09-23,"Excel, C", https://www.adzuna.in/details/5894620896?utm_medium=api&utm_source=d4b34863," Description Innovexis is seeking a Data Analyst Intern to join our team in Bengaluru, working remotely on a full internship basis. This is an excellent opportunity for aspiring data professionals to gain hands-on experience in the Information Technology industry while contributing to real-world data projects. As a Data Analyst Intern at Innovexis, you will work closely with our analytics and engineering teams to collect, clean, and interpret data that supports informed business decisions. You w…",4,Older
5834753332,Data Analyst Intern , Portcast , India,Internship,Engineering Jobs , Not specified,2026-08-09,C, https://www.adzuna.in/details/5834753332?utm_medium=api&utm_source=d4b34863," Portcast is a venture-backed, Singapore-based logistics technology startup building a real-time transportation visibility platform for global supply chains. We help shippers, manufacturers, and logistics service providers turn data into decisions and decisions into measurable business impact. Our platform goes beyond visibility. Portcast enables action at scale by surfacing the right risks early, helping teams prevent detention and demurrage, accelerate exception management, and close invoices …",49,Older
5859124162,Data Analyst - Intern , Claight Corporation Expert Market Research ," Noida, Ghaziabad",Internship,IT Jobs , Not specified,2026-08-28,"C, Data Analysis", https://www.adzuna.in/details/5859124162?utm_medium=api&utm_source=d4b34863," Perform basic data analysis, clean datasets assist with reporting, support the analytics team with data-driven insights. Data Collection and Cleaning: Gather data from various sources including surveys, databases, and other market research tools Data Analysis and Interpretation: Analyse quantitative and qualitative data to identify trends, patterns, and insights Assist in developing dashboards, visualisations, and reports to present findings effectively Market Insights Support: Collaborate with…",30,Older
5805535278,Data Analyst Internship in Pune , MAXGEN TECHNOLOGIES PRIVATE LIMITED , India,Internship,IT Jobs , Not specified,2026-07-18,"C, Machine Learning", https://www.adzuna.in/details/5805535278?utm_medium=api&utm_source=d4b34863, Maxgen Technologies Pvt ltd offers live project internships in Pune Freshers and Students will getdata Analyst Internshipwith machine learning program Fresher career program hybrid internship placement without bond practical project internships flexible working hours call us hidden mobile visit us www maxgentechnologies com,71,Older
5850339738,Data Analyst Internship in Ahmedabad , MAXGEN TECHNOLOGIES PRIVATE LIMITED , India,Internship,IT Jobs , Not specified,2026-08-21,"C, Machine Learning", https://www.adzuna.in/details/5850339738?utm_medium=api&utm_source=d4b34863, Maxgen Technologies Pvt ltd offers live project internships inahmedabad Freshers and Students will getdata analyst internshipwith machine learning program Fresher career program hybrid internship placement without bond practical project internships flexible working hours call us hidden mobile visit us www maxgentechnologies com Address Abhijeet 3 603 Netaji Rd near Pantaloons Mithakhali Ellisbridge Ahmedabad,37,Older
5831364894,Data Analyst Internship in Pune , MAXGEN TECHNOLOGIES PRIVATE LIMITED , India,Internship,Engineering Jobs , Not specified,2026-08-07,C, https://www.adzuna.in/details/5831364894?utm_medium=api&utm_source=d4b34863, Maxgen Technologies Pvt ltd offers live project internships inPune Candidate will get Machine leanring internship and Ai program with job placement why interns choosing us hybrid internship longterm and shortterm program placement without bond practical project during internship skilled staff and management call us hidden mobile visit us www maxgentechnologies com,51,Older
5854850712,Data Analyst Internship in Ahmedabad , MAXGEN TECHNOLOGIES PRIVATE LIMITED , India,Internship,Engineering Jobs , Not specified,2026-08-25,C, https://www.adzuna.in/details/5854850712?utm_medium=api&utm_source=d4b34863, Maxgen Technologies Pvt ltd offers live project internships in ahmedabad Candidate will get data anlayst internship and Ai program with job placement why choosing us hybrid internship longterm and shortterm program placement without bond practical project during internship skilled staff and management call us hidden mobile visit us www maxgentechnologies com address Abhijeet 3 603 Netaji Rd near Pantaloons Mithakhali Ellisbridge Ahmedabad,33,Older
5875067962,Data Analyst Internship in Ahmedabad , MAXGEN TECHNOLOGIES PRIVATE LIMITED , India,Internship,Engineering Jobs , Not specified,2026-09-08,C, https://www.adzuna.in/details/5875067962?utm_medium=api&utm_source=d4b34863, Maxgen Technologies Pvt ltd located in pune We are offering indata analyst internshipand data analytics program to It and Engineering fresher candidates why we are important interns friendly environment professional and experience staff good work culture job placement in top mnc visit us at www maxgentechnologies com call us hidden mobile address Abhijeet 3 603 Netaji Rd near Pantaloons Mithakhali Ellisbridge Ahmedabad,19,Older
5527692918,Data Analyst – Intern/Fresher/Experienced , Gururo ," Vadodara, Gujarat",Internship,IT Jobs , Not specified,2025-12-04,C, https://www.adzuna.in/details/5527692918?utm_medium=api&utm_source=d4b34863," Location : Vadodara Type : Full-time / Internship Duration (for interns) : Minimum 3 months Stipend/CTC : Based on experience and role About Gururo Gururo is a global leader in practical, career-transforming education. With a mission to equip professionals and students with real-world skills, we specialize in project management, leadership, business analytics, and emerging technologies. Join our dynamic, impact-driven team to work on data-centric products that empower decision-making and transf…",297,Older
5898167951,"Financial Data Analyst Intern, Technical Operations ", Stripe , India,Internship,IT Jobs , Not specified,2026-09-25,C, https://www.adzuna.in/details/5898167951?utm_medium=api&utm_source=d4b34863," Who we are About Stripe Stripe is a technology company focused on improving the conditions for economic growth and prosperity. We build programmable financial infrastructure, rethinking from first principles how financial services should work, to make it easier and cheaper for any business to start and scale. More than 10 million businesses build on Stripe, spanning the economic frontier—from solo founders to established enterprises—united by a practical focus on growth. The most ambitious comp…",2,Recent
5879541006,Data Analyst Intern (Finance) - January to May 2027 , Coinhako , India,Internship,Accounting & Finance Jobs , Not specified,2026-09-11,C, https://www.adzuna.in/details/5879541006?utm_medium=api&utm_source=d4b34863," About the Role We're looking for a Data Analyst Intern to work with our data team on the numbers Finance relies on. Every financial report, reconciliation and month-end figure at Coinhako depends on data being right. You'll work on the analysis and checks behind those numbers — reconciling figures against independent sources, investigating why two reports disagree, and turning checks that someone currently does by hand into something that runs on its own. This is real work on production data, s…",16,Older
1227100059,Data Analyst / Data Scientist | Internship | Tech-Savvy| , Anaxee Technologies ," Indore, Madhya Pradesh",Internship,IT Jobs ,100000,2019-08-05,"Excel, C, Git", https://www.adzuna.in/details/1227100059?utm_medium=api&utm_source=d4b34863," Job role: As a data analyst, you will be responsible for compiling actionable insights from data and assisting program, sales and marketing managers build data-driven processes. Your role will involve driving initiatives to optimize for operational excellence and revenue. Job Location : Indore | Full-Time Internship | Stipend - Performance Based | About the company : Anaxee Digital Runners is building India's largest last-mile verification & data collection network of Digital Runners (shared fe…",2610,Older
5856164948,Data Science Ml Internship , MAXGEN TECHNOLOGIES PRIVATE LIMITED , India,Internship,IT Jobs , Not specified,2026-08-26,"C, Data Science", https://www.adzuna.in/details/5856164948?utm_medium=api&utm_source=d4b34863, Maxgen Technologies Pvt ltd located in pune We are offering in data analyst internship and data Science program to It and Engineering fresher candidates why we are important interns friendly environment professional and experience staff good work culture job placement in top mnc visit us at www maxgentechnologies com call us hidden mobile address 601 Konark icon magarpatta pune,32,Older
5856165536,Machine learning Internship in Ahmedabad , MAXGEN TECHNOLOGIES PRIVATE LIMITED , India,Internship,IT Jobs , Not specified,2026-08-26,"C, Machine Learning, Data Science", https://www.adzuna.in/details/5856165536?utm_medium=api&utm_source=d4b34863, Maxgen Technologies Pvt ltd located in Ahmedabad We are offering in data analyst internship and data Science program to It and Engineering fresher candidates why we are important interns friendly environment professional and experience staff good work culture job placement in top mnc visit us at www maxgentechnologies com call us hidden mobile Address 603 Abhijeet 3 near law garden Ahmedabad,32,Older
5863654715,Intern - Data Analyst , CanKids KidsCan ," Gulmohar Park, South Delhi",Internship,Admin Jobs ,20000,2026-09-01,C, https://www.adzuna.in/details/5863654715?utm_medium=api&utm_source=d4b34863," Intern Data Analyst (6-Month Term) Summary We are seeking a detail-oriented Intern Data Analyst to join our team for a six-month engagement focused on optimizing our fundraising and donor management operations. This role is pivotal in transforming raw data into actionable intelligence, ensuring the integrity of our donor databases, and providing strategic insights that drive campaign success. The ideal candidate will support the organization by maintaining robust reporting systems, conducting c…",26,Older
5720744939,Intern , Gururo , India,Internship,IT Jobs , Not specified,2026-05-07,"C, Git", https://www.adzuna.in/details/5720744939?utm_medium=api&utm_source=d4b34863, Job Title: Intern (Multiple Roles) Company: Gururo Department: Multiple Departments Location: Work from Office / Hybrid / Remote Job Type: Internship (Full-Time / Part-Time) Duration: 1–6 Months (Flexible) Experience Required: 0–1 Year (Freshers & Students Welcome) Compensation: Unpaid (For college-required internships) We are offering multiple internship roles across departments. Interns can choose based on their interests and skill sets. Digital Marketing Intern (Creative & SEO Focus) Social …,143,Older
5808699074,Data Analyst Growth and Strategy Performance Marketing Internship in , Confluencr Global Influencer Marketing Agency ," Bangalore, Karnataka",Internship,"PR, Advertising & Marketing Jobs ", Not specified,2026-07-21,C, https://www.adzuna.in/details/5808699074?utm_medium=api&utm_source=d4b34863, We are looking for a curious analytical and techsavvy Data Analyst Intern to join our Growth Strategy team You will work closely with the Performance Marketing Strategy and Business teams to transform data into actionable insights that drive customer acquisition campaign optimization and business growth Selected Interns Daytoday Responsibilities Include Analyze campaign performance data from Meta Ads Google Ads GA4 and other marketing platforms Build and maintain dashboards to track key busines…,68,Older